-- MySQL dump 10.13  Distrib 5.7.12, for Win64 (x86_64)
--
-- Host: localhost    Database: alee
-- ------------------------------------------------------
-- Server version	5.1.52-community

/*!40101 SET @OLD_CHARACTER_SET_CLIENT=@@CHARACTER_SET_CLIENT */;
/*!40101 SET @OLD_CHARACTER_SET_RESULTS=@@CHARACTER_SET_RESULTS */;
/*!40101 SET @OLD_COLLATION_CONNECTION=@@COLLATION_CONNECTION */;
/*!40101 SET NAMES utf8 */;
/*!40103 SET @OLD_TIME_ZONE=@@TIME_ZONE */;
/*!40103 SET TIME_ZONE='+00:00' */;
/*!40014 SET @OLD_UNIQUE_CHECKS=@@UNIQUE_CHECKS, UNIQUE_CHECKS=0 */;
/*!40014 SET @OLD_FOREIGN_KEY_CHECKS=@@FOREIGN_KEY_CHECKS, FOREIGN_KEY_CHECKS=0 */;
/*!40101 SET @OLD_SQL_MODE=@@SQL_MODE, SQL_MODE='NO_AUTO_VALUE_ON_ZERO' */;
/*!40111 SET @OLD_SQL_NOTES=@@SQL_NOTES, SQL_NOTES=0 */;

--
-- Table structure for table `account`
--

DROP TABLE IF EXISTS `account`;
/*!40101 SET @saved_cs_client     = @@character_set_client */;
/*!40101 SET character_set_client = utf8 */;
CREATE TABLE `account` (
  `idaccount` int(11) NOT NULL AUTO_INCREMENT,
  `name` varchar(245) DEFAULT NULL,
  `status` int(11) NOT NULL,
  PRIMARY KEY (`idaccount`),
  KEY `fk_ACCOUNT_ENUM_ACCOUNT_STATUS1_idx` (`status`),
  CONSTRAINT `fk_ACCOUNT_ENUM_ACCOUNT_STATUS1` FOREIGN KEY (`status`) REFERENCES `enum_account_status` (`idenumaccountstatus`) ON DELETE NO ACTION ON UPDATE NO ACTION
) ENGINE=InnoDB AUTO_INCREMENT=2 DEFAULT CHARSET=utf8;
/*!40101 SET character_set_client = @saved_cs_client */;

--
-- Dumping data for table `account`
--

LOCK TABLES `account` WRITE;
/*!40000 ALTER TABLE `account` DISABLE KEYS */;
INSERT INTO `account` VALUES (1,'User',1);
/*!40000 ALTER TABLE `account` ENABLE KEYS */;
UNLOCK TABLES;

--
-- Table structure for table `answerdescription`
--

DROP TABLE IF EXISTS `answerdescription`;
/*!40101 SET @saved_cs_client     = @@character_set_client */;
/*!40101 SET character_set_client = utf8 */;
CREATE TABLE `answerdescription` (
  `idanswerdescription` int(11) NOT NULL,
  `ansdtext` varchar(255) DEFAULT NULL,
  `ansdstatus` varchar(255) DEFAULT NULL,
  `idanswer` int(11) DEFAULT NULL,
  PRIMARY KEY (`idanswerdescription`)
) ENGINE=InnoDB DEFAULT CHARSET=latin1;
/*!40101 SET character_set_client = @saved_cs_client */;

--
-- Dumping data for table `answerdescription`
--

LOCK TABLES `answerdescription` WRITE;
/*!40000 ALTER TABLE `answerdescription` DISABLE KEYS */;
/*!40000 ALTER TABLE `answerdescription` ENABLE KEYS */;
UNLOCK TABLES;

--
-- Table structure for table `answers`
--

DROP TABLE IF EXISTS `answers`;
/*!40101 SET @saved_cs_client     = @@character_set_client */;
/*!40101 SET character_set_client = utf8 */;
CREATE TABLE `answers` (
  `idANSWERS` int(11) NOT NULL AUTO_INCREMENT,
  `text` varchar(256) DEFAULT NULL,
  `QUESTION_idquestion` int(11) NOT NULL,
  `iscorrect` tinyint(2) DEFAULT NULL,
  `description` varchar(225) DEFAULT NULL,
  PRIMARY KEY (`idANSWERS`),
  KEY `fk_ANSWERS_QUESTION1_idx` (`QUESTION_idquestion`),
  CONSTRAINT `fk_ANSWERS_QUESTION1` FOREIGN KEY (`QUESTION_idquestion`) REFERENCES `question` (`idquestion`) ON DELETE NO ACTION ON UPDATE NO ACTION
) ENGINE=InnoDB AUTO_INCREMENT=893 DEFAULT CHARSET=utf8;
/*!40101 SET character_set_client = @saved_cs_client */;

--
-- Dumping data for table `answers`
--

LOCK TABLES `answers` WRITE;
/*!40000 ALTER TABLE `answers` DISABLE KEYS */;
INSERT INTO `answers` VALUES (59,'a_a_a_a_a',72,1,NULL),(60,'a_a_a_a_a',73,2,NULL),(61,'a_a_a_a_a',74,2,NULL),(62,'a_a_a_a_a',75,3,NULL),(63,'a',76,3,NULL),(64,'a',77,2,NULL),(65,'a',78,2,NULL),(66,'a',79,3,NULL),(67,'a',80,3,NULL),(68,'a',81,3,NULL),(69,'a',82,3,NULL),(70,'a',83,2,NULL),(71,'a',84,4,NULL),(72,'a',85,3,NULL),(73,'a',86,2,NULL),(74,'a',87,1,NULL),(75,'a',88,4,NULL),(76,'a',89,5,NULL),(77,'a',90,2,NULL),(78,'a',91,1,NULL),(79,'a',92,3,NULL),(80,'a',93,2,NULL),(81,'a',94,1,NULL),(82,'a',95,1,NULL),(83,'a',96,2,NULL),(84,'a',97,1,NULL),(85,'a',98,1,NULL),(86,'a',99,2,NULL),(87,'a',100,2,NULL),(88,'a',101,2,NULL),(89,'a',102,3,NULL),(90,'a',103,2,NULL),(91,'a',104,3,NULL),(92,'a',105,4,NULL),(93,'a',106,2,NULL),(94,'a',107,1,NULL),(95,'a',108,2,NULL),(96,'a',109,2,NULL),(97,'a',110,3,NULL),(98,'a',111,5,NULL),(99,'a',112,5,NULL),(100,'a',113,3,NULL),(101,'a',114,1,NULL),(102,'a',115,2,NULL),(103,'a',116,1,NULL),(104,'a',117,4,NULL),(105,'a',118,3,NULL),(106,'a',119,5,NULL),(107,'a',120,2,NULL),(108,'a',121,2,NULL),(109,'a',122,2,NULL),(110,'a',123,3,NULL),(111,'a',124,1,NULL),(112,'a',125,2,NULL),(113,'a',126,1,NULL),(114,'a',126,0,NULL),(115,'a',126,0,NULL),(116,'a',126,0,NULL),(117,'a',126,0,NULL),(118,'a',127,0,NULL),(119,'a',127,0,NULL),(120,'a',127,1,NULL),(121,'a',127,0,NULL),(122,'a',127,0,NULL),(123,'a',128,0,NULL),(124,'a',128,0,NULL),(125,'a',128,1,NULL),(126,'a',128,0,NULL),(127,'a',128,0,NULL),(128,'a',129,0,NULL),(129,'a',129,0,NULL),(130,'a',129,0,NULL),(131,'a',129,1,NULL),(132,'a',129,0,NULL),(133,'a',130,0,NULL),(134,'a',130,0,NULL),(135,'a',130,1,NULL),(136,'a',130,0,NULL),(137,'a',130,0,NULL),(138,'a',131,0,NULL),(139,'a',131,0,NULL),(140,'a',131,0,NULL),(141,'a',131,1,NULL),(142,'a',131,0,NULL),(143,'a',132,0,NULL),(144,'a',132,0,NULL),(145,'a',132,1,NULL),(146,'a',132,0,NULL),(147,'a',132,0,NULL),(148,'a',133,1,NULL),(149,'a',133,0,NULL),(150,'a',133,0,NULL),(151,'a',133,0,NULL),(152,'a',133,0,NULL),(153,'a',134,0,NULL),(154,'a',134,1,NULL),(155,'a',134,0,NULL),(156,'a',134,0,NULL),(157,'a',134,0,NULL),(158,'a',135,1,NULL),(159,'a',135,0,NULL),(160,'a',135,0,NULL),(161,'a',135,0,NULL),(162,'a',135,0,NULL),(163,'a',136,0,NULL),(164,'a',136,0,NULL),(165,'a',136,0,NULL),(166,'a',136,0,NULL),(167,'a',136,1,NULL),(168,'a',137,0,NULL),(169,'a',137,1,NULL),(170,'a',137,0,NULL),(171,'a',137,0,NULL),(172,'a',137,0,NULL),(173,'a',138,0,NULL),(174,'a',138,0,NULL),(175,'a',138,0,NULL),(176,'a',138,1,NULL),(177,'a',138,0,NULL),(178,'a',139,0,NULL),(179,'a',139,0,NULL),(180,'a',139,1,NULL),(181,'a',139,0,NULL),(182,'a',139,0,NULL),(183,'a',140,0,NULL),(184,'a',140,1,NULL),(185,'a',140,0,NULL),(186,'a',140,0,NULL),(187,'a',140,0,NULL),(188,'a',141,0,NULL),(189,'a',141,0,NULL),(190,'a',141,0,NULL),(191,'a',141,0,NULL),(192,'a',141,1,NULL),(193,'a',142,0,NULL),(194,'a',142,0,NULL),(195,'a',142,0,NULL),(196,'a',142,0,NULL),(197,'a',142,1,NULL),(198,'a',143,0,NULL),(199,'a',143,0,NULL),(200,'a',143,1,NULL),(201,'a',143,0,NULL),(202,'a',143,0,NULL),(203,'a',144,0,NULL),(204,'a',144,0,NULL),(205,'a',144,1,NULL),(206,'a',144,0,NULL),(207,'a',144,0,NULL),(208,'a',145,0,NULL),(209,'a',145,0,NULL),(210,'a',145,0,NULL),(211,'a',145,1,NULL),(212,'a',145,0,NULL),(213,'a',146,0,NULL),(214,'a',146,1,NULL),(215,'a',146,0,NULL),(216,'a',146,0,NULL),(217,'a',146,0,NULL),(218,'a',147,0,NULL),(219,'a',147,0,NULL),(220,'a',147,1,NULL),(221,'a',147,0,NULL),(222,'a',147,0,NULL),(223,'a',148,0,NULL),(224,'a',148,0,NULL),(225,'a',148,1,NULL),(226,'a',148,0,NULL),(227,'a',148,0,NULL),(228,'a',149,0,NULL),(229,'a',149,0,NULL),(230,'a',149,1,NULL),(231,'a',149,0,NULL),(232,'a',149,0,NULL),(233,'a',150,0,NULL),(234,'a',150,0,NULL),(235,'a',150,1,NULL),(236,'a',150,0,NULL),(237,'a',150,0,NULL),(238,'a',151,0,NULL),(239,'a',151,1,NULL),(240,'a',151,0,NULL),(241,'a',151,0,NULL),(242,'a',151,0,NULL),(243,'a',152,0,NULL),(244,'a',152,0,NULL),(245,'a',152,0,NULL),(246,'a',152,1,NULL),(247,'a',152,0,NULL),(248,'a',153,0,NULL),(249,'a',153,0,NULL),(250,'a',153,1,NULL),(251,'a',153,0,NULL),(252,'a',153,0,NULL),(253,'a',154,0,NULL),(254,'a',154,0,NULL),(255,'a',154,1,NULL),(256,'a',154,0,NULL),(257,'a',154,0,NULL),(258,'a',155,0,NULL),(259,'a',155,0,NULL),(260,'a',155,1,NULL),(261,'a',155,0,NULL),(262,'a',155,0,NULL),(263,'a',156,0,NULL),(264,'a',156,1,NULL),(265,'a',156,0,NULL),(266,'a',156,0,NULL),(267,'a',156,0,NULL),(268,'a',157,0,NULL),(269,'a',157,0,NULL),(270,'a',157,1,NULL),(271,'a',157,0,NULL),(272,'a',157,0,NULL),(273,'a',158,1,NULL),(274,'a',158,0,NULL),(275,'a',158,0,NULL),(276,'a',158,0,NULL),(277,'a',158,0,NULL),(278,'a',159,0,NULL),(279,'a',159,0,NULL),(280,'a',159,1,NULL),(281,'a',159,0,NULL),(282,'a',159,0,NULL),(283,'a',160,0,NULL),(284,'a',160,0,NULL),(285,'a',160,1,NULL),(286,'a',160,0,NULL),(287,'a',160,0,NULL),(288,'a',161,0,NULL),(289,'a',161,0,NULL),(290,'a',161,1,NULL),(291,'a',161,0,NULL),(292,'a',161,0,NULL),(293,'a',162,0,NULL),(294,'a',162,0,NULL),(295,'a',162,1,NULL),(296,'a',162,0,NULL),(297,'a',162,0,NULL),(298,'a',163,0,NULL),(299,'a',163,1,NULL),(300,'a',163,0,NULL),(301,'a',163,0,NULL),(302,'a',163,0,NULL),(303,'a',164,0,NULL),(304,'a',164,1,NULL),(305,'a',164,0,NULL),(306,'a',164,0,NULL),(307,'a',164,0,NULL),(308,'a',165,0,NULL),(309,'a',165,0,NULL),(310,'a',165,0,NULL),(311,'a',165,1,NULL),(312,'a',165,0,NULL),(313,'a',166,1,NULL),(314,'a',166,0,NULL),(315,'a',166,0,NULL),(316,'a',166,0,NULL),(317,'a',166,0,NULL),(318,'a',167,1,NULL),(319,'a',167,0,NULL),(320,'a',167,0,NULL),(321,'a',167,0,NULL),(322,'a',167,0,NULL),(323,'a',168,0,NULL),(324,'a',168,0,NULL),(325,'a',168,0,NULL),(326,'a',168,1,NULL),(327,'a',168,0,NULL),(328,'a',169,0,NULL),(329,'a',169,0,NULL),(330,'a',169,0,NULL),(331,'a',169,1,NULL),(332,'a',169,0,NULL),(333,'a',170,0,NULL),(334,'a',170,0,NULL),(335,'a',170,1,NULL),(336,'a',170,0,NULL),(337,'a',170,0,NULL),(338,'a',171,0,NULL),(339,'a',171,1,NULL),(340,'a',171,0,NULL),(341,'a',171,0,NULL),(342,'a',171,0,NULL),(343,'a',172,0,NULL),(344,'a',172,0,NULL),(345,'a',172,0,NULL),(346,'a',172,1,NULL),(347,'a',172,0,NULL),(348,'a',173,0,NULL),(349,'a',173,1,NULL),(350,'a',173,0,NULL),(351,'a',173,0,NULL),(352,'a',173,0,NULL),(353,'a',174,0,NULL),(354,'a',174,1,NULL),(355,'a',174,0,NULL),(356,'a',174,0,NULL),(357,'a',174,0,NULL),(358,'a',175,0,NULL),(359,'a',175,0,NULL),(360,'a',175,0,NULL),(361,'a',175,1,NULL),(362,'a',175,0,NULL),(363,'a',176,1,'Answer Description Demo'),(364,'a',176,0,'Answer Description Demo'),(365,'a',176,0,'Answer Description Demo'),(366,'a',176,0,'Answer Description Demo'),(367,'a',176,0,'Answer Description Demo'),(368,'a',177,0,'Answer Description Demo'),(369,'a',177,1,'Answer Description Demo'),(370,'a',177,0,'Answer Description Demo'),(371,'a',177,0,'Answer Description Demo'),(372,'a',177,0,'Answer Description Demo'),(373,'a',178,0,'Answer Description Demo'),(374,'a',178,1,'Answer Description Demo'),(375,'a',178,0,'Answer Description Demo'),(376,'a',178,0,'Answer Description Demo'),(377,'a',178,0,'Answer Description Demo'),(378,'a',179,1,'Answer Description Demo'),(379,'a',179,0,'Answer Description Demo'),(380,'a',179,0,'Answer Description Demo'),(381,'a',179,0,'Answer Description Demo'),(382,'a',179,0,'Answer Description Demo'),(383,'a',180,0,'Answer Description Demo'),(384,'a',180,0,'Answer Description Demo'),(385,'a',180,0,'Answer Description Demo'),(386,'a',180,1,'Answer Description Demo'),(387,'a',180,0,'Answer Description Demo'),(388,'a',181,0,'Answer Description Demo'),(389,'a',181,0,'Answer Description Demo'),(390,'a',181,0,'Answer Description Demo'),(391,'a',181,0,'Answer Description Demo'),(392,'a',181,1,'Answer Description Demo'),(393,'a',182,0,'Answer Description Demo'),(394,'a',182,0,'Answer Description Demo'),(395,'a',182,0,'Answer Description Demo'),(396,'a',182,1,'Answer Description Demo'),(397,'a',182,0,'Answer Description Demo'),(398,'a',183,0,'Answer Description Demo'),(399,'a',183,0,'Answer Description Demo'),(400,'a',183,1,'Answer Description Demo'),(401,'a',183,0,'Answer Description Demo'),(402,'a',183,0,'Answer Description Demo'),(403,'a',184,0,'Answer Description Demo'),(404,'a',184,0,'Answer Description Demo'),(405,'a',184,1,'Answer Description Demo'),(406,'a',184,0,'Answer Description Demo'),(407,'a',184,0,'Answer Description Demo'),(408,'a',185,0,'Answer Description Demo'),(409,'a',185,0,'Answer Description Demo'),(410,'a',185,0,'Answer Description Demo'),(411,'a',185,0,'Answer Description Demo'),(412,'a',185,1,'Answer Description Demo'),(413,'a',186,1,'Answer Description Demo'),(414,'a',186,0,'Answer Description Demo'),(415,'a',186,0,'Answer Description Demo'),(416,'a',186,0,'Answer Description Demo'),(417,'a',186,0,'Answer Description Demo'),(418,'a',187,0,'Answer Description Demo'),(419,'a',187,1,'Answer Description Demo'),(420,'a',187,0,'Answer Description Demo'),(421,'a',187,0,'Answer Description Demo'),(422,'a',187,0,'Answer Description Demo'),(423,'a',188,0,'Answer Description Demo'),(424,'a',188,1,'Answer Description Demo'),(425,'a',188,0,'Answer Description Demo'),(426,'a',188,0,'Answer Description Demo'),(427,'a',188,0,'Answer Description Demo'),(428,'a',189,0,'Answer Description Demo'),(429,'a',189,1,'Answer Description Demo'),(430,'a',189,0,'Answer Description Demo'),(431,'a',189,0,'Answer Description Demo'),(432,'a',189,0,'Answer Description Demo'),(433,'a',190,0,'Answer Description Demo'),(434,'a',190,1,'Answer Description Demo'),(435,'a',190,0,'Answer Description Demo'),(436,'a',190,0,'Answer Description Demo'),(437,'a',190,0,'Answer Description Demo'),(438,'a',191,0,'Answer Description Demo'),(439,'a',191,0,'Answer Description Demo'),(440,'a',191,1,'Answer Description Demo'),(441,'a',191,0,'Answer Description Demo'),(442,'a',191,0,'Answer Description Demo'),(443,'a',192,0,'Answer Description Demo'),(444,'a',192,0,'Answer Description Demo'),(445,'a',192,0,'Answer Description Demo'),(446,'a',192,1,'Answer Description Demo'),(447,'a',192,0,'Answer Description Demo'),(448,'a',193,1,'Answer Description Demo'),(449,'a',193,0,'Answer Description Demo'),(450,'a',193,0,'Answer Description Demo'),(451,'a',193,0,'Answer Description Demo'),(452,'a',193,0,'Answer Description Demo'),(453,'a',194,0,'Answer Description Demo'),(454,'a',194,0,'Answer Description Demo'),(455,'a',194,1,'Answer Description Demo'),(456,'a',194,0,'Answer Description Demo'),(457,'a',194,0,'Answer Description Demo'),(458,'a',195,0,'Answer Description Demo'),(459,'a',195,1,'Answer Description Demo'),(460,'a',195,0,'Answer Description Demo'),(461,'a',195,0,'Answer Description Demo'),(462,'a',195,0,'Answer Description Demo'),(463,'a',196,0,'Answer Description Demo'),(464,'a',196,0,'Answer Description Demo'),(465,'a',196,0,'Answer Description Demo'),(466,'a',196,0,'Answer Description Demo'),(467,'a',196,1,'Answer Description Demo'),(468,'a',197,0,'Answer Description Demo'),(469,'a',197,0,'Answer Description Demo'),(470,'a',197,0,'Answer Description Demo'),(471,'a',197,1,'Answer Description Demo'),(472,'a',197,0,'Answer Description Demo'),(473,'a',198,0,'Answer Description Demo'),(474,'a',198,1,'Answer Description Demo'),(475,'a',198,0,'Answer Description Demo'),(476,'a',198,0,'Answer Description Demo'),(477,'a',198,0,'Answer Description Demo'),(478,'a',199,0,'Answer Description Demo'),(479,'a',199,1,'Answer Description Demo'),(480,'a',199,0,'Answer Description Demo'),(481,'a',199,0,'Answer Description Demo'),(482,'a',199,0,'Answer Description Demo'),(483,'a',200,0,'Answer Description Demo'),(484,'a',200,0,'Answer Description Demo'),(485,'a',200,0,'Answer Description Demo'),(486,'a',200,1,'Answer Description Demo'),(487,'a',200,0,'Answer Description Demo'),(488,'a',201,0,'Answer Description Demo'),(489,'a',201,1,'Answer Description Demo'),(490,'a',201,0,'Answer Description Demo'),(491,'a',201,0,'Answer Description Demo'),(492,'a',201,0,'Answer Description Demo'),(493,'a',202,0,'Answer Description Demo'),(494,'a',202,1,'Answer Description Demo'),(495,'a',202,0,'Answer Description Demo'),(496,'a',202,0,'Answer Description Demo'),(497,'a',202,0,'Answer Description Demo'),(498,'a',203,0,'Answer Description Demo'),(499,'a',203,1,'Answer Description Demo'),(500,'a',203,0,'Answer Description Demo'),(501,'a',203,0,'Answer Description Demo'),(502,'a',203,0,'Answer Description Demo'),(503,'a',204,0,'Answer Description Demo'),(504,'a',204,1,'Answer Description Demo'),(505,'a',204,0,'Answer Description Demo'),(506,'a',204,0,'Answer Description Demo'),(507,'a',204,0,'Answer Description Demo'),(508,'a',205,0,'Answer Description Demo'),(509,'a',205,1,'Answer Description Demo'),(510,'a',205,0,'Answer Description Demo'),(511,'a',205,0,'Answer Description Demo'),(512,'a',205,0,'Answer Description Demo'),(513,'a',206,0,'Answer Description Demo'),(514,'a',206,0,'Answer Description Demo'),(515,'a',206,1,'Answer Description Demo'),(516,'a',206,0,'Answer Description Demo'),(517,'a',206,0,'Answer Description Demo'),(518,'a',207,0,'Answer Description Demo'),(519,'a',207,1,'Answer Description Demo'),(520,'a',207,0,'Answer Description Demo'),(521,'a',207,0,'Answer Description Demo'),(522,'a',207,0,'Answer Description Demo'),(523,'a',208,0,'Answer Description Demo'),(524,'a',208,1,'Answer Description Demo'),(525,'a',208,0,'Answer Description Demo'),(526,'a',208,0,'Answer Description Demo'),(527,'a',208,0,'Answer Description Demo'),(528,'a',209,0,'Answer Description Demo'),(529,'a',209,0,'Answer Description Demo'),(530,'a',209,0,'Answer Description Demo'),(531,'a',209,0,'Answer Description Demo'),(532,'a',209,1,'Answer Description Demo'),(533,'a',210,0,'Answer Description Demo'),(534,'a',210,0,'Answer Description Demo'),(535,'a',210,1,'Answer Description Demo'),(536,'a',210,0,'Answer Description Demo'),(537,'a',210,0,'Answer Description Demo'),(538,'a',211,0,'Answer Description Demo'),(539,'a',211,0,'Answer Description Demo'),(540,'a',211,0,'Answer Description Demo'),(541,'a',211,0,'Answer Description Demo'),(542,'a',211,1,'Answer Description Demo'),(543,'a',212,0,'Answer Description Demo'),(544,'a',212,0,'Answer Description Demo'),(545,'a',212,0,'Answer Description Demo'),(546,'a',212,0,'Answer Description Demo'),(547,'a',212,1,'Answer Description Demo'),(548,'a',213,0,'Answer Description Demo'),(549,'a',213,0,'Answer Description Demo'),(550,'a',213,1,'Answer Description Demo'),(551,'a',213,0,'Answer Description Demo'),(552,'a',213,0,'Answer Description Demo'),(553,'a',214,0,'Answer Description Demo'),(554,'a',214,0,'Answer Description Demo'),(555,'a',214,1,'Answer Description Demo'),(556,'a',214,0,'Answer Description Demo'),(557,'a',214,0,'Answer Description Demo'),(558,'a',215,0,'Answer Description Demo'),(559,'a',215,0,'Answer Description Demo'),(560,'a',215,0,'Answer Description Demo'),(561,'a',215,1,'Answer Description Demo'),(562,'a',215,0,'Answer Description Demo'),(563,'a',216,0,'Answer Description Demo'),(564,'a',216,0,'Answer Description Demo'),(565,'a',216,1,'Answer Description Demo'),(566,'a',216,0,'Answer Description Demo'),(567,'a',216,0,'Answer Description Demo'),(568,'a',217,0,'Answer Description Demo'),(569,'a',217,0,'Answer Description Demo'),(570,'a',217,1,'Answer Description Demo'),(571,'a',217,0,'Answer Description Demo'),(572,'a',217,0,'Answer Description Demo'),(573,'a',218,0,'Answer Description Demo'),(574,'a',218,0,'Answer Description Demo'),(575,'a',218,0,'Answer Description Demo'),(576,'a',218,0,'Answer Description Demo'),(577,'a',218,1,'Answer Description Demo'),(578,'a',219,0,'Answer Description Demo'),(579,'a',219,0,'Answer Description Demo'),(580,'a',219,0,'Answer Description Demo'),(581,'a',219,1,'Answer Description Demo'),(582,'a',219,0,'Answer Description Demo'),(583,'a',220,0,'Answer Description Demo'),(584,'a',220,0,'Answer Description Demo'),(585,'a',220,0,'Answer Description Demo'),(586,'a',220,1,'Answer Description Demo'),(587,'a',220,0,'Answer Description Demo'),(588,'a',221,0,'Answer Description Demo'),(589,'a',221,1,'Answer Description Demo'),(590,'a',221,0,'Answer Description Demo'),(591,'a',221,0,'Answer Description Demo'),(592,'a',221,0,'Answer Description Demo'),(593,'a',222,0,'Answer Description Demo'),(594,'a',222,1,'Answer Description Demo'),(595,'a',222,0,'Answer Description Demo'),(596,'a',222,0,'Answer Description Demo'),(597,'a',222,0,'Answer Description Demo'),(598,'a',223,0,'Answer Description Demo'),(599,'a',223,0,'Answer Description Demo'),(600,'a',223,0,'Answer Description Demo'),(601,'a',223,1,'Answer Description Demo'),(602,'a',223,0,'Answer Description Demo'),(603,'a',224,0,'Answer Description Demo'),(604,'a',224,0,'Answer Description Demo'),(605,'a',224,0,'Answer Description Demo'),(606,'a',224,0,'Answer Description Demo'),(607,'a',224,1,'Answer Description Demo'),(608,'a',225,0,'Answer Description Demo'),(609,'a',225,1,'Answer Description Demo'),(610,'a',225,0,'Answer Description Demo'),(611,'a',225,0,'Answer Description Demo'),(612,'a',225,0,'Answer Description Demo'),(613,'A is Dutugamunu',226,0,'Answer Description Demo'),(614,'B is Pandukabhaya',226,0,'Answer Description Demo'),(615,'C is Parakkramabahu',226,0,'Answer Description Demo'),(616,'D is Vijayabahu 1',226,1,'Answer Description Demo'),(617,'E is Datusena',226,0,'Answer Description Demo'),(618,'A is Devanampiyatissa',227,0,'Answer Description Demo'),(619,'B is Abhaya',227,0,'Answer Description Demo'),(620,'C is pandukabhaya',227,1,'Answer Description Demo'),(621,'D is Asela',227,0,'Answer Description Demo'),(622,'E is Elara',227,0,'Answer Description Demo'),(623,'a',228,0,'Answer Description Demo'),(624,'a',228,0,'Answer Description Demo'),(625,'a',228,0,'Answer Description Demo'),(626,'a',228,1,'Answer Description Demo'),(627,'a',228,0,'Answer Description Demo'),(628,'a',229,0,'Answer Description Demo'),(629,'a',229,0,'Answer Description Demo'),(630,'a',229,0,'Answer Description Demo'),(631,'a',229,0,'Answer Description Demo'),(632,'a',229,1,'Answer Description Demo'),(633,'a',230,0,'Answer Description Demo'),(634,'a',230,0,'Answer Description Demo'),(635,'a',230,0,'Answer Description Demo'),(636,'a',230,1,'Answer Description Demo'),(637,'a',230,0,'Answer Description Demo'),(638,'a',231,0,'Answer Description Demo'),(639,'a',231,0,'Answer Description Demo'),(640,'a',231,0,'Answer Description Demo'),(641,'a',231,0,'Answer Description Demo'),(642,'a',231,1,'Answer Description Demo'),(643,'a',232,0,'Answer Description Demo'),(644,'a',232,1,'Answer Description Demo'),(645,'a',232,0,'Answer Description Demo'),(646,'a',232,0,'Answer Description Demo'),(647,'a',232,0,'Answer Description Demo'),(648,'a',233,0,'Answer Description Demo'),(649,'a',233,0,'Answer Description Demo'),(650,'a',233,0,'Answer Description Demo'),(651,'a',233,0,'Answer Description Demo'),(652,'a',233,1,'Answer Description Demo'),(653,'a',234,0,'Answer Description Demo'),(654,'a',234,1,'Answer Description Demo'),(655,'a',234,0,'Answer Description Demo'),(656,'a',234,0,'Answer Description Demo'),(657,'a',234,0,'Answer Description Demo'),(658,'a',235,0,'Answer Description Demo'),(659,'a',235,1,'Answer Description Demo'),(660,'a',235,0,'Answer Description Demo'),(661,'a',235,0,'Answer Description Demo'),(662,'a',235,0,'Answer Description Demo'),(663,'a',236,0,'Answer Description Demo'),(664,'a',236,1,'Answer Description Demo'),(665,'a',236,0,'Answer Description Demo'),(666,'a',236,0,'Answer Description Demo'),(667,'a',236,0,'Answer Description Demo'),(668,'a',237,0,'Answer Description Demo'),(669,'a',237,0,'Answer Description Demo'),(670,'a',237,0,'Answer Description Demo'),(671,'a',237,1,'Answer Description Demo'),(672,'a',237,0,'Answer Description Demo'),(673,'a',238,0,'Answer Description Demo'),(674,'a',238,0,'Answer Description Demo'),(675,'a',238,1,'Answer Description Demo'),(676,'a',238,0,'Answer Description Demo'),(677,'a',238,0,'Answer Description Demo'),(678,'a',239,0,'Answer Description Demo'),(679,'a',239,0,'Answer Description Demo'),(680,'a',239,1,'Answer Description Demo'),(681,'a',239,0,'Answer Description Demo'),(682,'a',239,0,'Answer Description Demo'),(683,'a',240,0,'Answer Description Demo'),(684,'a',240,0,'Answer Description Demo'),(685,'a',240,1,'Answer Description Demo'),(686,'a',240,0,'Answer Description Demo'),(687,'a',240,0,'Answer Description Demo'),(688,'a',241,0,'Answer Description Demo'),(689,'a',241,1,'Answer Description Demo'),(690,'a',241,0,'Answer Description Demo'),(691,'a',241,0,'Answer Description Demo'),(692,'a',241,0,'Answer Description Demo'),(693,'a',242,0,'Answer Description Demo'),(694,'a',242,1,'Answer Description Demo'),(695,'a',242,0,'Answer Description Demo'),(696,'a',242,0,'Answer Description Demo'),(697,'a',242,0,'Answer Description Demo'),(698,'a',243,0,'Answer Description Demo'),(699,'a',243,0,'Answer Description Demo'),(700,'a',243,1,'Answer Description Demo'),(701,'a',243,0,'Answer Description Demo'),(702,'a',243,0,'Answer Description Demo'),(703,'a',244,0,'Answer Description Demo'),(704,'a',244,1,'Answer Description Demo'),(705,'a',244,0,'Answer Description Demo'),(706,'a',244,0,'Answer Description Demo'),(707,'a',244,0,'Answer Description Demo'),(708,'a',245,0,'Answer Description Demo'),(709,'a',245,0,'Answer Description Demo'),(710,'a',245,1,'Answer Description Demo'),(711,'a',245,0,'Answer Description Demo'),(712,'a',245,0,'Answer Description Demo'),(713,'a',246,0,'Answer Description Demo'),(714,'a',246,1,'Answer Description Demo'),(715,'a',246,0,'Answer Description Demo'),(716,'a',246,0,'Answer Description Demo'),(717,'a',246,0,'Answer Description Demo'),(718,'a',247,0,'Answer Description Demo'),(719,'a',247,1,'Answer Description Demo'),(720,'a',247,0,'Answer Description Demo'),(721,'a',247,0,'Answer Description Demo'),(722,'a',247,0,'Answer Description Demo'),(723,'a',248,0,'Answer Description Demo'),(724,'a',248,0,'Answer Description Demo'),(725,'a',248,0,'Answer Description Demo'),(726,'a',248,1,'Answer Description Demo'),(727,'a',248,0,'Answer Description Demo'),(728,'a',249,0,'Answer Description Demo'),(729,'a',249,0,'Answer Description Demo'),(730,'a',249,0,'Answer Description Demo'),(731,'a',249,1,'Answer Description Demo'),(732,'a',249,0,'Answer Description Demo'),(733,'a',250,1,'Answer Description Demo'),(734,'a',250,0,'Answer Description Demo'),(735,'a',250,0,'Answer Description Demo'),(736,'a',250,0,'Answer Description Demo'),(737,'a',250,0,'Answer Description Demo'),(738,'a',251,0,'Answer Description Demo'),(739,'a',251,1,'Answer Description Demo'),(740,'a',251,0,'Answer Description Demo'),(741,'a',251,0,'Answer Description Demo'),(742,'a',251,0,'Answer Description Demo'),(743,'a',252,0,'Answer Description Demo'),(744,'a',252,1,'Answer Description Demo'),(745,'a',252,0,'Answer Description Demo'),(746,'a',252,0,'Answer Description Demo'),(747,'a',252,0,'Answer Description Demo'),(748,'a',253,0,'Answer Description Demo'),(749,'a',253,1,'Answer Description Demo'),(750,'a',253,0,'Answer Description Demo'),(751,'a',253,0,'Answer Description Demo'),(752,'a',253,0,'Answer Description Demo'),(753,'a',254,0,'Answer Description Demo'),(754,'a',254,1,'Answer Description Demo'),(755,'a',254,0,'Answer Description Demo'),(756,'a',254,0,'Answer Description Demo'),(757,'a',254,0,'Answer Description Demo'),(758,'a',255,0,'Answer Description Demo'),(759,'a',255,1,'Answer Description Demo'),(760,'a',255,0,'Answer Description Demo'),(761,'a',255,0,'Answer Description Demo'),(762,'a',255,0,'Answer Description Demo'),(763,'a',256,0,'Answer Description Demo'),(764,'a',256,0,'Answer Description Demo'),(765,'a',256,1,'Answer Description Demo'),(766,'a',256,0,'Answer Description Demo'),(767,'a',256,0,'Answer Description Demo'),(768,'a',257,0,'Answer Description Demo'),(769,'a',257,1,'Answer Description Demo'),(770,'a',257,0,'Answer Description Demo'),(771,'a',257,0,'Answer Description Demo'),(772,'a',257,0,'Answer Description Demo'),(773,'a',258,0,'Answer Description Demo'),(774,'a',258,1,'Answer Description Demo'),(775,'a',258,0,'Answer Description Demo'),(776,'a',258,0,'Answer Description Demo'),(777,'a',258,0,'Answer Description Demo'),(778,'a',259,0,'Answer Description Demo'),(779,'a',259,0,'Answer Description Demo'),(780,'a',259,1,'Answer Description Demo'),(781,'a',259,0,'Answer Description Demo'),(782,'a',259,0,'Answer Description Demo'),(783,'a',260,0,'Answer Description Demo'),(784,'a',260,0,'Answer Description Demo'),(785,'a',260,1,'Answer Description Demo'),(786,'a',260,0,'Answer Description Demo'),(787,'a',260,0,'Answer Description Demo'),(788,'a',261,0,'Answer Description Demo'),(789,'a',261,0,'Answer Description Demo'),(790,'a',261,1,'Answer Description Demo'),(791,'a',261,0,'Answer Description Demo'),(792,'a',261,0,'Answer Description Demo'),(793,'a',262,0,'Answer Description Demo'),(794,'a',262,0,'Answer Description Demo'),(795,'a',262,1,'Answer Description Demo'),(796,'a',262,0,'Answer Description Demo'),(797,'a',262,0,'Answer Description Demo'),(798,'a',263,0,'Answer Description Demo'),(799,'a',263,0,'Answer Description Demo'),(800,'a',263,0,'Answer Description Demo'),(801,'a',263,0,'Answer Description Demo'),(802,'a',263,1,'Answer Description Demo'),(803,'a',264,0,'Answer Description Demo'),(804,'a',264,1,'Answer Description Demo'),(805,'a',264,0,'Answer Description Demo'),(806,'a',264,0,'Answer Description Demo'),(807,'a',264,0,'Answer Description Demo'),(808,'a',265,0,'Answer Description Demo'),(809,'a',265,1,'Answer Description Demo'),(810,'a',265,0,'Answer Description Demo'),(811,'a',265,0,'Answer Description Demo'),(812,'a',265,0,'Answer Description Demo'),(813,'a',266,0,'Answer Description Demo'),(814,'a',266,1,'Answer Description Demo'),(815,'a',266,0,'Answer Description Demo'),(816,'a',266,0,'Answer Description Demo'),(817,'a',266,0,'Answer Description Demo'),(818,'a',267,1,'Answer Description Demo'),(819,'a',267,0,'Answer Description Demo'),(820,'a',267,0,'Answer Description Demo'),(821,'a',267,0,'Answer Description Demo'),(822,'a',267,0,'Answer Description Demo'),(823,'a',268,0,'Answer Description Demo'),(824,'a',268,1,'Answer Description Demo'),(825,'a',268,0,'Answer Description Demo'),(826,'a',268,0,'Answer Description Demo'),(827,'a',268,0,'Answer Description Demo'),(828,'a',269,0,'Answer Description Demo'),(829,'a',269,0,'Answer Description Demo'),(830,'a',269,0,'Answer Description Demo'),(831,'a',269,1,'Answer Description Demo'),(832,'a',269,0,'Answer Description Demo'),(833,'a',270,0,'Answer Description Demo'),(834,'a',270,0,'Answer Description Demo'),(835,'a',270,0,'Answer Description Demo'),(836,'a',270,0,'Answer Description Demo'),(837,'a',270,1,'Answer Description Demo'),(838,'a',271,0,'Answer Description Demo'),(839,'a',271,0,'Answer Description Demo'),(840,'a',271,0,'Answer Description Demo'),(841,'a',271,1,'Answer Description Demo'),(842,'a',271,0,'Answer Description Demo'),(843,'a',272,0,'Answer Description Demo'),(844,'a',272,0,'Answer Description Demo'),(845,'a',272,1,'Answer Description Demo'),(846,'a',272,0,'Answer Description Demo'),(847,'a',272,0,'Answer Description Demo'),(848,'a',273,0,'Answer Description Demo'),(849,'a',273,1,'Answer Description Demo'),(850,'a',273,0,'Answer Description Demo'),(851,'a',273,0,'Answer Description Demo'),(852,'a',273,0,'Answer Description Demo'),(853,'a',274,0,'Answer Description Demo'),(854,'a',274,0,'Answer Description Demo'),(855,'a',274,0,'Answer Description Demo'),(856,'a',274,1,'Answer Description Demo'),(857,'a',274,0,'Answer Description Demo'),(858,'a',275,0,'Answer Description Demo'),(859,'a',275,0,'Answer Description Demo'),(860,'a',275,1,'Answer Description Demo'),(861,'a',275,0,'Answer Description Demo'),(862,'a',275,0,'Answer Description Demo'),(863,'Mahinda Rajapaksha',276,0,'Maithreepala Sirisena is the president of Sri Lanka'),(864,'Ranil Wickramasinghe',276,0,'Maithreepala Sirisena is the president of Sri Lanka'),(865,'Chandrika Kumarathunga',276,0,'Maithreepala Sirisena is the president of Sri Lanka'),(866,'Ranasighe Premadasa',276,0,'Maithreepala Sirisena is the president of Sri Lanka'),(867,'Maithreepala Sirisena',276,1,'Maithreepala Sirisena is the president of Sri Lanka'),(868,'Mahinda Rajapaksha',277,0,'Maithreepala Sirisena is the president of Sri Lanka'),(869,'Ranil Wickramasinghe',277,0,'Maithreepala Sirisena is the president of Sri Lanka'),(870,'Chandrika Kumarathunga',277,0,'Maithreepala Sirisena is the president of Sri Lanka'),(871,'Ranasighe Premadasa',277,0,'Maithreepala Sirisena is the president of Sri Lanka'),(872,'Maithreepala Sirisena',277,1,'Maithreepala Sirisena is the president of Sri Lanka'),(873,'England',278,1,'England won the world cup and the New Zeeland became the 1st runner up'),(874,'New Zeeland',278,0,'England won the world cup and the New Zeeland became the 1st runner up'),(875,'Australia',278,0,'England won the world cup and the New Zeeland became the 1st runner up'),(876,'India',278,0,'England won the world cup and the New Zeeland became the 1st runner up'),(877,'Sri Lanaka',278,0,'England won the world cup and the New Zeeland became the 1st runner up'),(878,'Mahinda Rajapaksha',279,0,'Maithreepala Sirisena is the president of Sri Lanka'),(879,'Ranil Wickramasinghe',279,0,'Maithreepala Sirisena is the president of Sri Lanka'),(880,'Chandrika Kumarathunga',279,0,'Maithreepala Sirisena is the president of Sri Lanka'),(881,'Ranasighe Premadasa',279,0,'Maithreepala Sirisena is the president of Sri Lanka'),(882,'Maithreepala Sirisena',279,1,'Maithreepala Sirisena is the president of Sri Lanka'),(883,'Mahinda Rajapaksha',280,0,'Maithreepala Sirisena is the president of Sri Lanka'),(884,'Ranil Wickramasinghe',280,0,'Maithreepala Sirisena is the president of Sri Lanka'),(885,'Chandrika Kumarathunga',280,0,'Maithreepala Sirisena is the president of Sri Lanka'),(886,'Ranasighe Premadasa',280,0,'Maithreepala Sirisena is the president of Sri Lanka'),(887,'Maithreepala Sirisena',280,1,'Maithreepala Sirisena is the president of Sri Lanka'),(888,'England',281,1,'England won the world cup and the New Zeeland became the 1st runner up'),(889,'New Zeeland',281,0,'England won the world cup and the New Zeeland became the 1st runner up'),(890,'Australia',281,0,'England won the world cup and the New Zeeland became the 1st runner up'),(891,'India',281,0,'England won the world cup and the New Zeeland became the 1st runner up'),(892,'Sri Lanaka',281,0,'England won the world cup and the New Zeeland became the 1st runner up');
/*!40000 ALTER TABLE `answers` ENABLE KEYS */;
UNLOCK TABLES;

--
-- Table structure for table `answers_history`
--

DROP TABLE IF EXISTS `answers_history`;
/*!40101 SET @saved_cs_client     = @@character_set_client */;
/*!40101 SET character_set_client = utf8 */;
CREATE TABLE `answers_history` (
  `idAnswers_history` int(11) NOT NULL AUTO_INCREMENT,
  `ANSWERS_idANSWERS` int(11) NOT NULL,
  `Answer` varchar(45) NOT NULL,
  `Type` varchar(45) NOT NULL,
  `user_iduser` int(11) NOT NULL,
  `practice_question_idpractice_question` int(11) NOT NULL,
  PRIMARY KEY (`idAnswers_history`),
  KEY `fk_ANSWERS_HISTORY_ANSWERS1_idx` (`ANSWERS_idANSWERS`),
  KEY `fk_answers_history_user1_idx` (`user_iduser`),
  KEY `fk_answers_history_practice_question1_idx` (`practice_question_idpractice_question`),
  CONSTRAINT `fk_ANSWERS_HISTORY_ANSWERS1` FOREIGN KEY (`ANSWERS_idANSWERS`) REFERENCES `answers` (`idANSWERS`) ON DELETE NO ACTION ON UPDATE NO ACTION,
  CONSTRAINT `fk_answers_history_practice_question1` FOREIGN KEY (`practice_question_idpractice_question`) REFERENCES `practice_question` (`idpractice_question`) ON DELETE NO ACTION ON UPDATE NO ACTION,
  CONSTRAINT `fk_answers_history_user1` FOREIGN KEY (`user_iduser`) REFERENCES `user` (`iduser`) ON DELETE NO ACTION ON UPDATE NO ACTION
) ENGINE=InnoDB AUTO_INCREMENT=644 DEFAULT CHARSET=utf8;
/*!40101 SET character_set_client = @saved_cs_client */;

--
-- Dumping data for table `answers_history`
--

LOCK TABLES `answers_history` WRITE;
/*!40000 ALTER TABLE `answers_history` DISABLE KEYS */;
INSERT INTO `answers_history` VALUES (257,59,'AnswerB','practice',1,3),(258,60,'AnswerD','practice',1,4),(259,59,'AnswerB','practice',1,5),(260,60,'AnswerC','practice',1,6),(261,59,'AnswerB','practice',1,7),(262,59,'AnswerB','practice',1,8),(263,59,'AnswerB','practice',1,9),(264,59,'AnswerC','practice',1,10),(265,59,'AnswerE','practice',1,11),(266,59,'AnswerC','practice',1,12),(267,60,'AnswerE','practice',1,13),(268,60,'AnswerE','practice',1,14),(269,59,'AnswerB','practice',1,15),(270,59,'AnswerB','practice',1,16),(271,60,'AnswerC','practice',1,17),(272,59,'AnswerB','practice',1,18),(273,60,'AnswerC','practice',1,19),(274,60,'AnswerC','practice',1,20),(275,60,'AnswerC','practice',1,21),(276,59,'AnswerB','practice',1,22),(277,60,'AnswerE','practice',1,23),(278,59,'AnswerB','practice',1,24),(279,60,'AnswerC','practice',1,25),(280,60,'AnswerC','practice',1,26),(281,60,'AnswerC','practice',1,27),(282,60,'AnswerE','practice',1,28),(283,59,'AnswerC','practice',1,29),(284,59,'AnswerB','practice',1,30),(285,59,'AnswerB','practice',1,31),(286,60,'AnswerE','practice',1,32),(287,60,'AnswerD','practice',1,33),(288,59,'AnswerB','practice',1,34),(289,60,'AnswerC','practice',1,35),(290,60,'AnswerC','practice',1,36),(291,59,'AnswerD','practice',1,37),(292,59,'AnswerD','practice',1,38),(293,59,'AnswerC','practice',1,39),(294,60,'AnswerA','practice',1,40),(295,59,'AnswerB','practice',1,41),(296,60,'AnswerE','practice',1,42),(297,59,'AnswerB','practice',1,43),(298,60,'AnswerD','practice',1,44),(299,59,'AnswerB','practice',1,45),(300,60,'AnswerC','practice',1,46),(301,59,'AnswerB','practice',1,47),(302,60,'AnswerC','practice',1,48),(303,59,'AnswerB','practice',1,49),(304,60,'AnswerE','practice',1,50),(305,59,'AnswerB','practice',1,51),(306,60,'AnswerD','practice',1,52),(307,59,'AnswerB','practice',1,53),(308,60,'AnswerC','practice',1,54),(309,59,'AnswerB','practice',1,55),(310,59,'AnswerC','practice',1,56),(311,60,'AnswerD','practice',1,57),(312,59,'AnswerD','practice',1,58),(313,60,'AnswerE','practice',1,59),(314,59,'AnswerB','practice',1,60),(315,60,'AnswerC','practice',1,61),(316,59,'AnswerE','practice',1,62),(317,59,'AnswerD','practice',1,63),(318,59,'AnswerC','practice',1,64),(319,59,'AnswerC','practice',1,65),(320,59,'AnswerC','practice',1,66),(321,59,'AnswerB','practice',1,67),(322,60,'AnswerE','practice',1,68),(323,60,'undefined','practice',1,69),(324,59,'AnswerA','practice',1,70),(325,60,'undefined','practice',1,71),(326,60,'undefined','practice',1,72),(327,60,'undefined','practice',1,73),(328,60,'AnswerB','practice',1,74),(329,60,'AnswerB','practice',1,75),(330,60,'undefined','practice',1,76),(331,120,'AnswerB','practice',1,77),(332,135,'AnswerB','practice',1,78),(333,113,'AnswerE','practice',1,79),(334,113,'AnswerA','practice',1,80),(335,113,'AnswerB','practice',1,81),(336,113,'AnswerC','practice',1,82),(337,113,'AnswerE','practice',1,83),(338,113,'AnswerC','practice',1,84),(339,113,'AnswerA','practice',1,85),(340,113,'AnswerA','practice',1,86),(341,113,'AnswerA','practice',1,87),(342,120,'AnswerC','practice',1,88),(343,125,'AnswerC','practice',1,89),(344,131,'AnswerD','practice',1,90),(345,135,'AnswerC','practice',1,91),(346,145,'AnswerC','practice',1,92),(347,113,'AnswerA','practice',1,93),(348,120,'AnswerC','practice',1,94),(349,131,'AnswerD','practice',1,95),(350,113,'AnswerA','practice',1,96),(351,120,'AnswerC','practice',1,97),(352,113,'AnswerB','practice',1,98),(353,113,'AnswerA','practice',1,99),(354,113,'AnswerB','practice',1,100),(355,120,'AnswerC','practice',1,101),(356,125,'AnswerC','practice',1,102),(357,131,'AnswerC','practice',1,103),(358,135,'AnswerD','practice',1,104),(359,141,'AnswerE','practice',1,105),(360,145,'AnswerA','practice',1,106),(361,148,'AnswerB','practice',1,107),(362,154,'AnswerC','practice',1,108),(363,158,'AnswerD','practice',1,109),(364,167,'AnswerD','practice',1,110),(365,169,'AnswerD','practice',1,111),(366,176,'AnswerD','practice',1,112),(367,180,'AnswerD','practice',1,113),(368,184,'AnswerD','practice',1,114),(369,192,'AnswerD','practice',1,115),(370,197,'AnswerD','practice',1,116),(371,200,'AnswerE','practice',1,117),(372,205,'AnswerB','practice',1,118),(373,211,'AnswerB','practice',1,119),(374,113,'AnswerB','practice',1,120),(375,120,'AnswerC','practice',1,121),(376,125,'AnswerC','practice',1,122),(377,131,'AnswerC','practice',1,123),(378,135,'AnswerC','practice',1,124),(379,141,'AnswerC','practice',1,125),(380,145,'AnswerE','practice',1,126),(381,148,'AnswerD','practice',1,127),(382,154,'AnswerC','practice',1,128),(383,158,'AnswerC','practice',1,129),(384,167,'AnswerC','practice',1,130),(385,169,'AnswerC','practice',1,131),(386,176,'AnswerC','practice',1,132),(387,180,'AnswerC','practice',1,133),(388,184,'AnswerC','practice',1,134),(389,192,'AnswerD','practice',1,135),(390,197,'AnswerE','practice',1,136),(391,200,'AnswerD','practice',1,137),(392,205,'AnswerE','practice',1,138),(393,211,'AnswerD','practice',1,139),(394,214,'AnswerD','practice',1,140),(395,220,'AnswerC','practice',1,141),(396,225,'AnswerC','practice',1,142),(397,230,'AnswerC','practice',1,143),(398,235,'AnswerD','practice',1,144),(399,239,'AnswerD','practice',1,145),(400,246,'AnswerD','practice',1,146),(401,250,'AnswerA','practice',1,147),(402,255,'AnswerB','practice',1,148),(403,260,'AnswerC','practice',1,149),(404,264,'AnswerD','practice',1,150),(405,270,'AnswerD','practice',1,151),(406,273,'AnswerE','practice',1,152),(407,280,'AnswerD','practice',1,153),(408,290,'AnswerD','practice',1,154),(409,295,'AnswerD','practice',1,155),(410,299,'AnswerD','practice',1,156),(411,304,'AnswerD','practice',1,157),(412,311,'AnswerD','practice',1,158),(413,313,'AnswerD','practice',1,159),(414,318,'AnswerD','practice',1,160),(415,326,'AnswerD','practice',1,161),(416,331,'AnswerD','practice',1,162),(417,335,'AnswerD','practice',1,163),(418,339,'AnswerC','practice',1,164),(419,346,'AnswerC','practice',1,165),(420,354,'AnswerC','practice',1,166),(421,361,'AnswerB','practice',1,167),(422,113,'AnswerD','practice',1,168),(423,113,'AnswerB','practice',1,169),(424,113,'AnswerE','practice',1,170),(425,120,'AnswerD','practice',1,171),(426,113,'AnswerC','practice',1,172),(427,120,'AnswerC','practice',1,173),(428,113,'AnswerB','practice',1,174),(429,113,'AnswerC','practice',1,175),(430,113,'AnswerD','practice',1,176),(431,113,'AnswerB','practice',1,177),(432,113,'AnswerC','practice',1,178),(433,113,'AnswerB','practice',1,179),(434,113,'AnswerC','practice',1,180),(435,113,'AnswerC','practice',1,181),(436,113,'AnswerD','practice',1,182),(437,113,'AnswerC','practice',1,183),(438,113,'AnswerB','practice',1,184),(439,113,'AnswerC','practice',1,185),(440,113,'AnswerD','practice',1,186),(441,113,'AnswerB','practice',1,187),(442,113,'AnswerC','practice',1,188),(443,120,'AnswerC','practice',1,189),(444,125,'AnswerB','practice',1,190),(445,113,'AnswerC','practice',1,191),(446,113,'AnswerD','practice',1,192),(447,120,'AnswerE','practice',1,193),(448,113,'AnswerC','practice',1,194),(449,113,'AnswerD','practice',1,195),(450,120,'AnswerD','practice',1,196),(451,125,'AnswerE','practice',1,197),(452,113,'AnswerB','practice',1,198),(453,113,'AnswerD','practice',1,199),(454,113,'AnswerC','practice',1,200),(455,113,'AnswerC','practice',1,201),(456,120,'AnswerC','practice',1,202),(457,113,'AnswerB','practice',1,203),(458,113,'AnswerC','practice',1,204),(459,120,'AnswerC','practice',1,205),(460,125,'AnswerE','practice',1,206),(461,113,'AnswerC','practice',1,207),(462,113,'AnswerC','practice',1,208),(463,113,'AnswerC','practice',1,209),(464,120,'AnswerC','practice',1,210),(465,125,'AnswerC','practice',1,211),(466,113,'AnswerC','practice',1,212),(467,113,'AnswerC','practice',1,213),(468,120,'AnswerC','practice',1,214),(469,125,'AnswerC','practice',1,215),(470,113,'AnswerC','practice',1,216),(471,120,'AnswerD','practice',1,217),(472,125,'AnswerC','practice',1,218),(473,113,'AnswerC','practice',1,219),(474,120,'AnswerE','practice',1,220),(475,125,'AnswerD','practice',1,221),(476,113,'AnswerC','practice',1,222),(477,113,'AnswerC','practice',1,223),(478,120,'AnswerC','practice',1,224),(479,113,'AnswerC','practice',1,225),(480,120,'AnswerC','practice',1,226),(481,125,'AnswerD','practice',1,227),(482,113,'AnswerC','practice',1,228),(483,120,'AnswerC','practice',1,229),(484,113,'AnswerC','practice',1,230),(485,120,'AnswerC','practice',1,231),(486,113,'AnswerC','practice',1,232),(487,120,'AnswerC','practice',1,233),(488,113,'AnswerC','practice',1,234),(489,120,'AnswerC','practice',1,235),(490,125,'AnswerC','practice',1,236),(491,113,'AnswerC','practice',1,237),(492,113,'AnswerC','practice',1,238),(493,113,'AnswerC','practice',1,239),(494,113,'AnswerC','practice',1,240),(495,113,'AnswerC','practice',1,241),(496,113,'AnswerC','practice',1,242),(497,113,'AnswerC','practice',1,243),(498,120,'AnswerC','practice',1,244),(499,113,'AnswerC','practice',1,245),(500,113,'AnswerC','practice',1,246),(501,113,'AnswerC','practice',1,247),(502,113,'AnswerC','practice',1,248),(503,113,'AnswerC','practice',1,249),(504,113,'AnswerC','practice',1,250),(505,113,'AnswerC','practice',1,251),(506,113,'AnswerC','practice',1,252),(507,113,'AnswerC','practice',1,253),(508,113,'AnswerC','practice',1,254),(509,113,'AnswerC','practice',1,255),(510,113,'AnswerC','practice',1,256),(511,113,'AnswerC','practice',1,257),(512,113,'AnswerC','practice',1,258),(513,120,'AnswerC','practice',1,259),(514,125,'AnswerC','practice',1,260),(515,113,'AnswerC','practice',1,261),(516,113,'AnswerC','practice',1,262),(517,113,'AnswerC','practice',1,263),(518,113,'AnswerC','practice',1,264),(519,113,'AnswerC','practice',1,265),(520,113,'AnswerC','practice',1,266),(521,113,'AnswerC','practice',1,267),(522,120,'AnswerD','practice',1,268),(523,113,'AnswerC','practice',1,269),(524,113,'AnswerC','practice',1,270),(525,120,'AnswerC','practice',1,271),(526,113,'AnswerB','practice',1,272),(527,120,'AnswerC','practice',1,273),(528,113,'AnswerC','practice',1,274),(529,120,'AnswerC','practice',1,275),(530,113,'AnswerC','practice',1,276),(531,120,'AnswerC','practice',1,277),(532,113,'AnswerC','practice',1,278),(533,120,'AnswerD','practice',1,279),(534,113,'AnswerC','practice',1,280),(535,120,'AnswerD','practice',1,281),(536,113,'AnswerB','practice',1,282),(537,113,'AnswerB','practice',1,283),(538,120,'AnswerD','practice',1,284),(539,113,'AnswerC','practice',1,285),(540,120,'AnswerD','practice',1,286),(541,113,'AnswerC','practice',1,287),(542,120,'AnswerE','practice',1,288),(543,113,'AnswerC','practice',1,289),(544,125,'AnswerC','practice',1,290),(545,113,'AnswerB','practice',1,291),(546,120,'AnswerD','practice',1,292),(547,113,'AnswerC','practice',1,293),(548,120,'AnswerE','practice',1,294),(549,113,'AnswerC','practice',1,295),(550,120,'AnswerE','practice',1,296),(551,113,'AnswerC','practice',1,297),(552,120,'AnswerB','practice',1,298),(553,113,'AnswerC','practice',1,299),(554,120,'AnswerE','practice',1,300),(555,113,'AnswerD','practice',1,301),(556,113,'AnswerB','practice',1,302),(557,120,'AnswerD','practice',1,303),(558,113,'AnswerD','practice',1,304),(559,120,'AnswerC','practice',1,305),(560,113,'AnswerD','practice',1,306),(561,113,'AnswerC','practice',1,307),(562,120,'AnswerD','practice',1,308),(563,113,'AnswerC','practice',1,309),(564,120,'AnswerD','practice',1,310),(565,113,'AnswerD','practice',1,311),(566,113,'AnswerE','practice',1,312),(567,120,'AnswerC','practice',1,313),(568,113,'AnswerD','practice',1,314),(569,113,'AnswerC','practice',1,315),(570,120,'AnswerB','practice',1,316),(571,113,'AnswerA','practice',1,317),(572,120,'AnswerA','practice',1,318),(573,113,'AnswerC','practice',1,319),(574,120,'AnswerE','practice',1,320),(575,113,'AnswerA','practice',1,321),(576,120,'AnswerD','practice',1,322),(577,113,'AnswerD','practice',1,323),(578,120,'AnswerB','practice',1,324),(579,113,'AnswerC','practice',1,325),(580,120,'AnswerE','practice',1,326),(581,113,'AnswerC','practice',1,327),(582,120,'AnswerE','practice',1,328),(583,113,'AnswerE','practice',1,329),(584,113,'AnswerB','practice',1,330),(585,120,'AnswerE','practice',1,331),(586,113,'AnswerC','practice',1,332),(587,113,'AnswerD','practice',1,333),(588,120,'AnswerA','practice',1,334),(589,113,'AnswerC','practice',1,335),(590,113,'AnswerB','practice',1,336),(591,120,'AnswerE','practice',1,337),(592,113,'AnswerE','practice',1,338),(593,120,'AnswerB','practice',1,339),(594,113,'AnswerD','practice',1,340),(595,113,'AnswerD','practice',1,341),(596,113,'AnswerC','practice',1,342),(597,120,'AnswerE','practice',1,343),(598,113,'AnswerB','practice',1,344),(599,113,'AnswerB','practice',1,345),(600,113,'AnswerD','practice',1,346),(601,120,'AnswerB','practice',1,347),(602,125,'AnswerB','practice',1,348),(603,113,'AnswerC','practice',1,349),(604,113,'AnswerB','practice',1,350),(605,113,'AnswerD','practice',1,351),(606,120,'AnswerB','practice',1,352),(607,113,'AnswerB','practice',1,353),(608,113,'AnswerB','practice',1,354),(609,113,'AnswerB','practice',1,355),(610,113,'AnswerB','practice',1,356),(611,113,'AnswerC','practice',1,357),(612,120,'AnswerE','practice',1,358),(613,113,'AnswerD','practice',1,359),(614,120,'AnswerB','practice',1,360),(615,113,'AnswerB','practice',1,361),(616,120,'AnswerD','practice',1,362),(617,113,'AnswerC','practice',1,363),(618,113,'AnswerA','practice',1,364),(619,113,'AnswerD','practice',1,365),(620,120,'AnswerA','practice',1,366),(621,113,'AnswerC','practice',1,367),(622,120,'AnswerE','practice',1,368),(623,113,'AnswerD','practice',1,369),(624,614,'AnswerB','practice',1,370),(625,618,'AnswerC','practice',1,371),(626,626,'AnswerD','practice',1,372),(627,632,'AnswerE','practice',1,373),(628,614,'AnswerB','practice',1,374),(629,614,'AnswerB','practice',1,375),(630,618,'AnswerD','practice',1,376),(631,626,'AnswerD','practice',1,377),(632,614,'AnswerD','practice',1,378),(633,614,'AnswerC','practice',1,379),(634,616,'AnswerC','practice',1,380),(635,620,'AnswerB','practice',1,381),(636,616,'AnswerA','practice',1,382),(637,620,'AnswerC','practice',1,383),(638,882,'AnswerB','practice',1,384),(639,882,'AnswerB','practice',1,385),(640,882,'AnswerC','practice',1,386),(641,882,'AnswerC','practice',1,387),(642,882,'AnswerB','practice',1,388),(643,887,'AnswerB','practice',1,389);
/*!40000 ALTER TABLE `answers_history` ENABLE KEYS */;
UNLOCK TABLES;

--
-- Table structure for table `enum_account_status`
--

DROP TABLE IF EXISTS `enum_account_status`;
/*!40101 SET @saved_cs_client     = @@character_set_client */;
/*!40101 SET character_set_client = utf8 */;
CREATE TABLE `enum_account_status` (
  `idenumaccountstatus` int(11) NOT NULL AUTO_INCREMENT,
  `status` varchar(100) DEFAULT NULL,
  PRIMARY KEY (`idenumaccountstatus`)
) ENGINE=InnoDB AUTO_INCREMENT=3 DEFAULT CHARSET=utf8;
/*!40101 SET character_set_client = @saved_cs_client */;

--
-- Dumping data for table `enum_account_status`
--

LOCK TABLES `enum_account_status` WRITE;
/*!40000 ALTER TABLE `enum_account_status` DISABLE KEYS */;
INSERT INTO `enum_account_status` VALUES (1,'Active'),(2,'Deactive');
/*!40000 ALTER TABLE `enum_account_status` ENABLE KEYS */;
UNLOCK TABLES;

--
-- Table structure for table `enum_question_set_status`
--

DROP TABLE IF EXISTS `enum_question_set_status`;
/*!40101 SET @saved_cs_client     = @@character_set_client */;
/*!40101 SET character_set_client = utf8 */;
CREATE TABLE `enum_question_set_status` (
  `idqestionsetstatus` int(11) NOT NULL AUTO_INCREMENT,
  `status` varchar(100) DEFAULT NULL,
  PRIMARY KEY (`idqestionsetstatus`)
) ENGINE=InnoDB AUTO_INCREMENT=3 DEFAULT CHARSET=utf8;
/*!40101 SET character_set_client = @saved_cs_client */;

--
-- Dumping data for table `enum_question_set_status`
--

LOCK TABLES `enum_question_set_status` WRITE;
/*!40000 ALTER TABLE `enum_question_set_status` DISABLE KEYS */;
INSERT INTO `enum_question_set_status` VALUES (1,'Active'),(2,'Deactive');
/*!40000 ALTER TABLE `enum_question_set_status` ENABLE KEYS */;
UNLOCK TABLES;

--
-- Table structure for table `enum_question_status`
--

DROP TABLE IF EXISTS `enum_question_status`;
/*!40101 SET @saved_cs_client     = @@character_set_client */;
/*!40101 SET character_set_client = utf8 */;
CREATE TABLE `enum_question_status` (
  `idenumquestionstatus` int(11) NOT NULL AUTO_INCREMENT,
  `status` varchar(100) DEFAULT NULL,
  PRIMARY KEY (`idenumquestionstatus`)
) ENGINE=InnoDB AUTO_INCREMENT=3 DEFAULT CHARSET=utf8;
/*!40101 SET character_set_client = @saved_cs_client */;

--
-- Dumping data for table `enum_question_status`
--

LOCK TABLES `enum_question_status` WRITE;
/*!40000 ALTER TABLE `enum_question_status` DISABLE KEYS */;
INSERT INTO `enum_question_status` VALUES (1,'Active'),(2,'Deactive');
/*!40000 ALTER TABLE `enum_question_status` ENABLE KEYS */;
UNLOCK TABLES;

--
-- Table structure for table `enum_sections`
--

DROP TABLE IF EXISTS `enum_sections`;
/*!40101 SET @saved_cs_client     = @@character_set_client */;
/*!40101 SET character_set_client = utf8 */;
CREATE TABLE `enum_sections` (
  `idenumsections` int(11) NOT NULL AUTO_INCREMENT,
  `title` varchar(245) DEFAULT NULL,
  `idenumsubject` int(11) NOT NULL,
  PRIMARY KEY (`idenumsections`),
  KEY `fk_ENUM_SECTIONS_ENUM_SUBJECT1_idx` (`idenumsubject`),
  CONSTRAINT `fk_ENUM_SECTIONS_ENUM_SUBJECT1` FOREIGN KEY (`idenumsubject`) REFERENCES `enum_subject` (`idenumsubject`) ON DELETE NO ACTION ON UPDATE NO ACTION
) ENGINE=InnoDB AUTO_INCREMENT=2 DEFAULT CHARSET=utf8;
/*!40101 SET character_set_client = @saved_cs_client */;

--
-- Dumping data for table `enum_sections`
--

LOCK TABLES `enum_sections` WRITE;
/*!40000 ALTER TABLE `enum_sections` DISABLE KEYS */;
INSERT INTO `enum_sections` VALUES (1,'name',1);
/*!40000 ALTER TABLE `enum_sections` ENABLE KEYS */;
UNLOCK TABLES;

--
-- Table structure for table `enum_security_questions`
--

DROP TABLE IF EXISTS `enum_security_questions`;
/*!40101 SET @saved_cs_client     = @@character_set_client */;
/*!40101 SET character_set_client = utf8 */;
CREATE TABLE `enum_security_questions` (
  `idsecquestion` int(11) NOT NULL AUTO_INCREMENT,
  `question` varchar(245) NOT NULL,
  `isactive` int(11) DEFAULT NULL,
  PRIMARY KEY (`idsecquestion`)
) ENGINE=InnoDB AUTO_INCREMENT=3 DEFAULT CHARSET=utf8;
/*!40101 SET character_set_client = @saved_cs_client */;

--
-- Dumping data for table `enum_security_questions`
--

LOCK TABLES `enum_security_questions` WRITE;
/*!40000 ALTER TABLE `enum_security_questions` DISABLE KEYS */;
INSERT INTO `enum_security_questions` VALUES (1,'What is your pet?',0),(2,'What is your mothers name?',1);
/*!40000 ALTER TABLE `enum_security_questions` ENABLE KEYS */;
UNLOCK TABLES;

--
-- Table structure for table `enum_subject`
--

DROP TABLE IF EXISTS `enum_subject`;
/*!40101 SET @saved_cs_client     = @@character_set_client */;
/*!40101 SET character_set_client = utf8 */;
CREATE TABLE `enum_subject` (
  `idenumsubject` int(11) NOT NULL AUTO_INCREMENT,
  `subject` varchar(45) DEFAULT NULL,
  PRIMARY KEY (`idenumsubject`)
) ENGINE=InnoDB AUTO_INCREMENT=8 DEFAULT CHARSET=latin1;
/*!40101 SET character_set_client = @saved_cs_client */;

--
-- Dumping data for table `enum_subject`
--

LOCK TABLES `enum_subject` WRITE;
/*!40000 ALTER TABLE `enum_subject` DISABLE KEYS */;
INSERT INTO `enum_subject` VALUES (1,'ICT'),(2,'Literature'),(3,'Physics'),(4,'History'),(5,'Art'),(6,'Combined Maths'),(7,'Political science');
/*!40000 ALTER TABLE `enum_subject` ENABLE KEYS */;
UNLOCK TABLES;

--
-- Table structure for table `enum_user_status`
--

DROP TABLE IF EXISTS `enum_user_status`;
/*!40101 SET @saved_cs_client     = @@character_set_client */;
/*!40101 SET character_set_client = utf8 */;
CREATE TABLE `enum_user_status` (
  `idenumuserstatus` int(11) NOT NULL AUTO_INCREMENT,
  `status` varchar(100) DEFAULT NULL,
  PRIMARY KEY (`idenumuserstatus`)
) ENGINE=InnoDB AUTO_INCREMENT=3 DEFAULT CHARSET=utf8;
/*!40101 SET character_set_client = @saved_cs_client */;

--
-- Dumping data for table `enum_user_status`
--

LOCK TABLES `enum_user_status` WRITE;
/*!40000 ALTER TABLE `enum_user_status` DISABLE KEYS */;
INSERT INTO `enum_user_status` VALUES (1,'Active'),(2,'Deactive');
/*!40000 ALTER TABLE `enum_user_status` ENABLE KEYS */;
UNLOCK TABLES;

--
-- Table structure for table `enum_user_type`
--

DROP TABLE IF EXISTS `enum_user_type`;
/*!40101 SET @saved_cs_client     = @@character_set_client */;
/*!40101 SET character_set_client = utf8 */;
CREATE TABLE `enum_user_type` (
  `idusertype` int(11) NOT NULL AUTO_INCREMENT,
  `usertype` varchar(100) DEFAULT NULL,
  PRIMARY KEY (`idusertype`)
) ENGINE=InnoDB AUTO_INCREMENT=5 DEFAULT CHARSET=utf8;
/*!40101 SET character_set_client = @saved_cs_client */;

--
-- Dumping data for table `enum_user_type`
--

LOCK TABLES `enum_user_type` WRITE;
/*!40000 ALTER TABLE `enum_user_type` DISABLE KEYS */;
INSERT INTO `enum_user_type` VALUES (1,'Admin'),(2,'Student'),(3,'Editor'),(4,'Teacher');
/*!40000 ALTER TABLE `enum_user_type` ENABLE KEYS */;
UNLOCK TABLES;

--
-- Table structure for table `practice_question`
--

DROP TABLE IF EXISTS `practice_question`;
/*!40101 SET @saved_cs_client     = @@character_set_client */;
/*!40101 SET character_set_client = utf8 */;
CREATE TABLE `practice_question` (
  `idpractice_question` int(11) NOT NULL,
  `status` varchar(100) DEFAULT NULL,
  `practice_question_set_idpractice_question_history` int(11) NOT NULL,
  PRIMARY KEY (`idpractice_question`),
  KEY `fk_practice_question_practice_question_set1_idx` (`practice_question_set_idpractice_question_history`),
  CONSTRAINT `fk_practice_question_practice_question_set1` FOREIGN KEY (`practice_question_set_idpractice_question_history`) REFERENCES `practice_question_set` (`idpractice_question_history`) ON DELETE NO ACTION ON UPDATE NO ACTION
) ENGINE=InnoDB DEFAULT CHARSET=latin1;
/*!40101 SET character_set_client = @saved_cs_client */;

--
-- Dumping data for table `practice_question`
--

LOCK TABLES `practice_question` WRITE;
/*!40000 ALTER TABLE `practice_question` DISABLE KEYS */;
INSERT INTO `practice_question` VALUES (0,'1',299),(1,'1',302),(2,'2',302),(3,'1',303),(4,'2',303),(5,'1',304),(6,'2',304),(7,'1',305),(8,'1',306),(9,'1',307),(10,'1',308),(11,'1',309),(12,'1',310),(13,'2',310),(14,'2',310),(15,'1',311),(16,'1',313),(17,'2',313),(18,'1',314),(19,'2',314),(20,'2',314),(21,'2',316),(22,'1',318),(23,'2',318),(24,'1',321),(25,'2',321),(26,'2',321),(27,'2',321),(28,'2',322),(29,'1',324),(30,'1',325),(31,'1',326),(32,'2',326),(33,'2',327),(34,'1',329),(35,'2',329),(36,'2',329),(37,'1',330),(38,'1',331),(39,'1',333),(40,'2',333),(41,'1',335),(42,'2',335),(43,'1',337),(44,'2',338),(45,'1',339),(46,'2',339),(47,'1',340),(48,'2',340),(49,'1',341),(50,'2',341),(51,'1',342),(52,'2',342),(53,'1',343),(54,'2',344),(55,'1',345),(56,'1',346),(57,'2',346),(58,'1',347),(59,'2',347),(60,'1',348),(61,'2',348),(62,'1',349),(63,'1',350),(64,'1',350),(65,'1',351),(66,'1',352),(67,'1',353),(68,'2',353),(69,'2',366),(70,'1',368),(71,'2',372),(72,'2',378),(73,'2',393),(74,'2',393),(75,'2',393),(76,'2',394),(77,'2',400),(78,'5',400),(79,'1',404),(80,'1',405),(81,'1',406),(82,'1',407),(83,'1',408),(84,'1',409),(85,'1',413),(86,'1',414),(87,'1',415),(88,'2',415),(89,'3',415),(90,'4',415),(91,'5',415),(92,'7',415),(93,'1',416),(94,'2',416),(95,'4',416),(96,'1',417),(97,'2',417),(98,'1',418),(99,'1',421),(100,'1',422),(101,'2',422),(102,'3',422),(103,'4',422),(104,'5',422),(105,'6',422),(106,'7',422),(107,'8',422),(108,'9',422),(109,'10',422),(110,'11',422),(111,'12',422),(112,'13',422),(113,'14',422),(114,'15',422),(115,'16',422),(116,'17',422),(117,'18',422),(118,'19',422),(119,'20',422),(120,'1',423),(121,'2',423),(122,'3',423),(123,'4',423),(124,'5',423),(125,'6',423),(126,'7',423),(127,'8',423),(128,'9',423),(129,'10',423),(130,'11',423),(131,'12',423),(132,'13',423),(133,'14',423),(134,'15',423),(135,'16',423),(136,'17',423),(137,'18',423),(138,'19',423),(139,'20',423),(140,'21',423),(141,'22',423),(142,'23',423),(143,'24',423),(144,'25',423),(145,'26',423),(146,'27',423),(147,'28',423),(148,'29',423),(149,'30',423),(150,'31',423),(151,'32',423),(152,'33',423),(153,'34',423),(154,'36',423),(155,'37',423),(156,'38',423),(157,'39',423),(158,'40',423),(159,'41',423),(160,'42',423),(161,'43',423),(162,'44',423),(163,'45',423),(164,'46',423),(165,'47',423),(166,'49',423),(167,'50',423),(168,'1',424),(169,'1',425),(170,'1',426),(171,'2',426),(172,'1',427),(173,'2',427),(174,'0',436),(175,'0',437),(176,'0',438),(177,'0',439),(178,'0',439),(179,'0',440),(180,'0',440),(181,'0',441),(182,'0',441),(183,'0',442),(184,'0',442),(185,'0',444),(186,'0',444),(187,'0',444),(188,'0',445),(189,'1',445),(190,'2',445),(191,'0',447),(192,'0',447),(193,'1',447),(194,'0',448),(195,'0',448),(196,'1',448),(197,'2',448),(198,'0',449),(199,'0',449),(200,'0',450),(201,'0',451),(202,'1',451),(203,'0',452),(204,'0',453),(205,'1',453),(206,'2',453),(207,'0',465),(208,'0',466),(209,'0',466),(210,'1',466),(211,'2',466),(212,'0',467),(213,'0',468),(214,'1',468),(215,'2',468),(216,'0',469),(217,'1',469),(218,'2',469),(219,'0',470),(220,'1',470),(221,'2',470),(222,'0',471),(223,'0',472),(224,'1',472),(225,'0',473),(226,'1',473),(227,'2',473),(228,'0',474),(229,'1',474),(230,'0',475),(231,'1',475),(232,'0',476),(233,'1',476),(234,'0',477),(235,'1',477),(236,'2',477),(237,'0',478),(238,'0',479),(239,'1',480),(240,'1',481),(241,'1',481),(242,'1',482),(243,'1',483),(244,'2',483),(245,'1',484),(246,'1',485),(247,'1',490),(248,'1',491),(249,'1',492),(250,'1',493),(251,'1',494),(252,'1',500),(253,'1',500),(254,'1',501),(255,'1',502),(256,'1',503),(257,'1',504),(258,'1',505),(259,'2',505),(260,'3',505),(261,'1',506),(262,'1',507),(263,'1',508),(264,'1',509),(265,'1',510),(266,'1',511),(267,'1',511),(268,'2',511),(269,'1',512),(270,'1',512),(271,'2',512),(272,'1',514),(273,'2',514),(274,'1',515),(275,'2',515),(276,'1',516),(277,'2',516),(278,'1',517),(279,'2',517),(280,'1',518),(281,'2',518),(282,'1',519),(283,'1',520),(284,'2',520),(285,'1',521),(286,'2',521),(287,'1',522),(288,'2',522),(289,'1',524),(290,'3',524),(291,'1',525),(292,'2',525),(293,'1',526),(294,'2',526),(295,'1',527),(296,'2',527),(297,'1',528),(298,'2',528),(299,'1',529),(300,'2',529),(301,'1',530),(302,'1',531),(303,'2',531),(304,'1',533),(305,'2',533),(306,'1',534),(307,'1',535),(308,'2',535),(309,'1',536),(310,'2',536),(311,'1',537),(312,'1',538),(313,'2',538),(314,'1',539),(315,'1',540),(316,'2',540),(317,'1',542),(318,'2',542),(319,'1',543),(320,'2',543),(321,'1',544),(322,'2',544),(323,'1',545),(324,'2',545),(325,'1',546),(326,'2',546),(327,'1',547),(328,'2',547),(329,'1',548),(330,'1',553),(331,'2',553),(332,'1',555),(333,'1',556),(334,'2',556),(335,'1',557),(336,'1',558),(337,'2',558),(338,'1',559),(339,'2',559),(340,'1',560),(341,'1',561),(342,'1',562),(343,'2',562),(344,'1',563),(345,'1',564),(346,'1',565),(347,'2',565),(348,'3',565),(349,'1',568),(350,'1',570),(351,'1',571),(352,'2',571),(353,'1',572),(354,'1',573),(355,'1',574),(356,'1',575),(357,'1',576),(358,'2',576),(359,'1',577),(360,'2',577),(361,'1',578),(362,'2',578),(363,'1',579),(364,'1',580),(365,'1',581),(366,'2',581),(367,'1',583),(368,'2',583),(369,'1',593),(370,'1',594),(371,'2',594),(372,'3',594),(373,'4',594),(374,'1',626),(375,'1',627),(376,'2',627),(377,'3',627),(378,'1',628),(379,'1',640),(380,'1',646),(381,'2',646),(382,'1',648),(383,'2',648),(384,'1',651),(385,'1',651),(386,'1',652),(387,'1',652),(388,'1',653),(389,'1',668);
/*!40000 ALTER TABLE `practice_question` ENABLE KEYS */;
UNLOCK TABLES;

--
-- Table structure for table `practice_question_set`
--

DROP TABLE IF EXISTS `practice_question_set`;
/*!40101 SET @saved_cs_client     = @@character_set_client */;
/*!40101 SET character_set_client = utf8 */;
CREATE TABLE `practice_question_set` (
  `idpractice_question_history` int(11) NOT NULL AUTO_INCREMENT,
  `USER_iduser` int(11) NOT NULL,
  `Score` int(11) DEFAULT NULL,
  `insert_ts` datetime DEFAULT NULL,
  `question_set_idquestionset` int(11) NOT NULL,
  PRIMARY KEY (`idpractice_question_history`),
  KEY `fk_practice_question_history_USER1_idx` (`USER_iduser`),
  KEY `fk_practice_question_set_question_set1_idx` (`question_set_idquestionset`),
  CONSTRAINT `fk_practice_question_history_USER1` FOREIGN KEY (`USER_iduser`) REFERENCES `user` (`iduser`) ON DELETE NO ACTION ON UPDATE NO ACTION,
  CONSTRAINT `fk_practice_question_set_question_set1` FOREIGN KEY (`question_set_idquestionset`) REFERENCES `question_set` (`idquestionset`) ON DELETE NO ACTION ON UPDATE NO ACTION
) ENGINE=InnoDB AUTO_INCREMENT=669 DEFAULT CHARSET=utf8;
/*!40101 SET character_set_client = @saved_cs_client */;

--
-- Dumping data for table `practice_question_set`
--

LOCK TABLES `practice_question_set` WRITE;
/*!40000 ALTER TABLE `practice_question_set` DISABLE KEYS */;
INSERT INTO `practice_question_set` VALUES (268,1,0,'2019-09-06 02:05:18',44),(269,1,0,'2019-09-06 02:13:51',44),(270,1,0,'2019-09-06 02:14:53',44),(271,1,0,'2019-09-06 02:19:45',44),(272,1,0,'2019-09-06 02:54:49',44),(273,1,0,'2019-09-06 09:51:34',44),(274,1,0,'2019-09-06 09:51:42',44),(275,1,0,'2019-09-06 09:51:46',44),(276,1,0,'2019-09-06 10:00:19',44),(277,1,0,'2019-09-06 10:00:32',44),(278,1,0,'2019-09-06 10:13:36',44),(279,1,0,'2019-09-06 10:13:40',44),(280,1,0,'2019-09-06 10:13:55',44),(281,1,0,'2019-09-06 10:15:42',44),(282,1,0,'2019-09-06 10:15:49',44),(283,1,0,'2019-09-06 10:18:00',44),(284,1,0,'2019-09-06 10:19:27',44),(285,1,0,'2019-09-06 10:20:59',44),(286,1,0,'2019-09-06 12:37:39',44),(287,1,0,'2019-09-06 12:39:22',44),(288,1,0,'2019-09-06 12:49:47',44),(289,1,0,'2019-09-06 12:52:23',44),(290,1,0,'2019-09-06 12:54:31',44),(291,1,0,'2019-09-06 12:55:35',44),(292,1,0,'2019-09-06 12:58:11',44),(293,1,0,'2019-09-06 13:02:05',44),(294,1,0,'2019-09-06 13:05:45',44),(295,1,0,'2019-09-06 13:06:11',44),(296,1,0,'2019-09-06 13:18:37',44),(297,1,0,'2019-09-06 13:23:56',44),(298,1,0,'2019-09-06 13:24:50',44),(299,1,0,'2019-09-06 13:26:23',44),(300,1,0,'2019-09-06 13:29:51',44),(301,1,0,'2019-09-06 13:31:10',44),(302,1,0,'2019-09-06 13:37:23',44),(303,1,0,'2019-09-06 14:08:14',44),(304,1,0,'2019-09-06 14:25:11',44),(305,1,0,'2019-09-06 14:29:59',44),(306,1,0,'2019-09-06 14:32:34',44),(307,1,0,'2019-09-06 14:33:53',44),(308,1,0,'2019-09-06 14:39:12',44),(309,1,0,'2019-09-06 14:41:24',44),(310,1,0,'2019-09-06 14:42:21',44),(311,1,2,'2019-09-06 14:43:03',44),(312,1,0,'2019-09-06 15:14:03',44),(313,1,0,'2019-09-06 15:23:26',44),(314,1,0,'2019-09-06 15:27:00',44),(315,1,0,'2019-09-06 15:32:57',44),(316,1,2,'2019-09-06 15:33:27',44),(317,1,2,'2019-09-06 15:34:20',44),(318,1,0,'2019-09-06 15:34:51',44),(319,1,2,'2019-09-06 15:39:40',44),(320,1,4,'2019-09-06 15:40:22',44),(321,1,0,'2019-09-06 16:10:34',44),(322,1,2,'2019-09-06 16:12:14',44),(323,1,4,'2019-09-06 16:13:30',44),(324,1,0,'2019-09-06 16:16:49',44),(325,1,0,'2019-09-06 16:17:46',44),(326,1,0,'2019-09-06 16:18:15',44),(327,1,2,'2019-09-06 16:20:11',44),(328,1,4,'2019-09-06 16:27:26',44),(329,1,0,'2019-09-06 16:32:18',44),(330,1,2,'2019-09-06 16:33:05',44),(331,1,2,'2019-09-06 16:33:48',44),(332,1,0,'2019-09-06 16:35:43',44),(333,1,0,'2019-09-06 16:38:31',44),(334,1,0,'2019-09-06 16:46:53',44),(335,1,0,'2019-09-06 16:48:33',44),(336,1,0,'2019-09-06 16:52:50',44),(337,1,0,'2019-09-06 16:58:02',44),(338,1,2,'2019-09-06 17:04:16',44),(339,1,0,'2019-09-06 17:06:17',44),(340,1,0,'2019-09-06 17:09:32',44),(341,1,0,'2019-09-06 17:10:32',44),(342,1,0,'2019-09-06 17:22:17',44),(343,1,2,'2019-09-06 17:23:59',44),(344,1,2,'2019-09-06 17:26:39',44),(345,1,0,'2019-09-06 18:00:08',44),(346,1,0,'2019-09-06 18:02:03',44),(347,1,0,'2019-09-06 18:06:44',44),(348,1,0,'2019-09-06 18:07:37',44),(349,1,2,'2019-09-06 18:09:08',44),(350,1,0,'2019-09-06 18:24:56',44),(351,1,0,'2019-09-06 18:25:21',44),(352,1,2,'2019-09-06 18:26:46',44),(353,1,0,'2019-09-06 18:30:27',44),(354,1,0,'2019-09-06 19:29:18',44),(355,1,0,'2019-09-06 19:29:34',44),(356,1,0,'2019-09-06 19:30:34',44),(357,1,0,'2019-09-06 19:31:45',44),(358,1,0,'2019-09-06 19:32:00',44),(359,1,0,'2019-09-06 19:32:14',44),(360,1,0,'2019-09-06 19:33:26',44),(361,1,0,'2019-09-06 19:38:14',44),(362,1,0,'2019-09-06 19:38:27',44),(363,1,0,'2019-09-06 19:44:58',44),(364,1,0,'2019-09-06 19:45:06',44),(365,1,0,'2019-09-06 19:45:16',44),(366,1,2,'2019-09-06 19:49:35',44),(367,1,0,'2019-09-06 19:51:17',44),(368,1,2,'2019-09-06 19:51:27',44),(369,1,0,'2019-09-06 19:56:53',44),(370,1,0,'2019-09-06 20:06:18',44),(371,1,0,'2019-09-06 20:06:27',44),(372,1,2,'2019-09-06 20:06:39',44),(373,1,0,'2019-09-06 20:08:15',44),(374,1,0,'2019-09-06 20:08:22',44),(375,1,0,'2019-09-06 20:08:32',44),(376,1,0,'2019-09-06 20:08:55',44),(377,1,0,'2019-09-06 20:09:06',44),(378,1,2,'2019-09-06 20:09:16',44),(379,1,0,'2019-09-06 20:10:11',44),(380,1,0,'2019-09-06 20:11:44',44),(381,1,0,'2019-09-06 20:11:49',44),(382,1,0,'2019-09-06 20:12:06',44),(383,1,0,'2019-09-06 20:12:23',44),(384,1,0,'2019-09-06 20:13:03',44),(385,1,0,'2019-09-06 20:15:20',44),(386,1,0,'2019-09-06 20:15:41',44),(387,1,0,'2019-09-06 20:21:11',44),(388,1,0,'2019-09-06 20:21:19',44),(389,1,0,'2019-09-06 20:21:37',44),(390,1,0,'2019-09-06 20:21:50',44),(391,1,0,'2019-09-06 20:21:53',44),(392,1,0,'2019-09-06 20:22:13',44),(393,1,6,'2019-09-06 20:22:55',44),(394,1,2,'2019-09-09 09:25:35',44),(395,1,0,'2019-09-10 16:52:37',44),(396,1,0,'2019-09-10 16:54:38',48),(397,1,0,'2019-09-10 16:55:31',44),(398,1,0,'2019-09-10 16:59:42',47),(399,1,0,'2019-09-10 17:01:25',48),(400,1,4,'2019-09-10 22:23:53',48),(401,1,0,'2019-09-10 22:36:21',48),(402,1,0,'2019-09-10 22:56:32',48),(403,1,0,'2019-09-10 22:57:42',48),(404,1,0,'2019-09-10 22:59:01',48),(405,1,0,'2019-09-10 22:59:59',48),(406,1,0,'2019-09-10 23:00:13',48),(407,1,0,'2019-09-10 23:00:24',48),(408,1,0,'2019-09-10 23:00:38',48),(409,1,0,'2019-09-10 23:07:38',48),(410,1,0,'2019-09-10 23:15:43',48),(411,1,0,'2019-09-10 23:16:53',48),(412,1,2,'2019-09-10 23:18:19',48),(413,1,2,'2019-09-10 23:19:11',48),(414,1,2,'2019-09-10 23:20:58',48),(415,1,12,'2019-09-10 23:22:22',48),(416,1,6,'2019-09-10 23:25:21',48),(417,1,4,'2019-09-10 23:33:42',48),(418,1,2,'2019-09-10 23:37:36',48),(419,1,0,'2019-09-10 23:40:35',48),(420,1,0,'2019-09-10 23:56:56',48),(421,1,2,'2019-09-11 00:00:41',48),(422,1,8,'2019-09-11 00:02:02',48),(423,1,18,'2019-09-11 00:13:58',48),(424,1,0,'2019-09-11 00:14:51',48),(425,1,0,'2019-09-11 00:35:24',48),(426,1,0,'2019-09-11 00:37:03',48),(427,1,2,'2019-09-11 00:38:56',48),(428,1,0,'2019-09-11 09:57:23',48),(429,1,0,'2019-09-11 09:57:49',48),(430,1,0,'2019-09-11 09:58:09',48),(431,1,0,'2019-09-11 09:58:31',48),(432,1,0,'2019-09-11 09:58:44',48),(433,1,0,'2019-09-11 09:59:56',48),(434,1,0,'2019-09-11 10:00:29',48),(435,1,0,'2019-09-11 10:00:49',48),(436,1,0,'2019-09-11 10:01:12',48),(437,1,0,'2019-09-11 10:01:44',48),(438,1,0,'2019-09-11 10:02:14',48),(439,1,0,'2019-09-11 10:16:08',48),(440,1,0,'2019-09-11 10:18:31',48),(441,1,0,'2019-09-11 10:19:25',48),(442,1,0,'2019-09-11 10:20:00',48),(443,1,0,'2019-09-11 10:20:53',48),(444,1,0,'2019-09-11 10:21:18',48),(445,1,2,'2019-09-11 10:27:52',48),(446,1,0,'2019-09-11 10:29:45',48),(447,1,0,'2019-09-11 10:30:13',48),(448,1,0,'2019-09-11 10:30:58',48),(449,1,0,'2019-09-11 10:32:22',48),(450,1,0,'2019-09-11 10:32:51',48),(451,1,2,'2019-09-11 10:33:35',48),(452,1,0,'2019-09-11 10:35:45',48),(453,1,2,'2019-09-11 10:36:40',48),(454,1,0,'2019-09-11 12:11:23',48),(455,1,0,'2019-09-11 12:14:41',48),(456,1,0,'2019-09-11 12:15:49',48),(457,1,0,'2019-09-11 12:21:46',48),(458,1,0,'2019-09-11 12:23:05',48),(459,1,0,'2019-09-11 12:24:02',48),(460,1,0,'2019-09-11 12:24:53',48),(461,1,0,'2019-09-11 12:25:45',48),(462,1,0,'2019-09-11 12:26:13',48),(463,1,0,'2019-09-11 12:27:19',48),(464,1,0,'2019-09-11 12:27:47',48),(465,1,0,'2019-09-11 12:38:54',48),(466,1,2,'2019-09-11 12:39:55',48),(467,1,0,'2019-09-11 12:42:51',48),(468,1,4,'2019-09-11 12:45:29',48),(469,1,2,'2019-09-11 12:47:03',48),(470,1,0,'2019-09-11 12:48:23',48),(471,1,0,'2019-09-11 12:49:30',48),(472,1,2,'2019-09-11 12:50:20',48),(473,1,2,'2019-09-11 12:55:31',48),(474,1,2,'2019-09-11 12:57:05',48),(475,1,2,'2019-09-11 12:57:50',48),(476,1,2,'2019-09-11 12:58:11',48),(477,1,4,'2019-09-11 13:01:25',48),(478,1,0,'2019-09-11 13:02:35',48),(479,1,0,'2019-09-11 13:04:51',48),(480,1,0,'2019-09-11 13:10:26',48),(481,1,0,'2019-09-11 13:11:53',48),(482,1,0,'2019-09-11 13:23:15',48),(483,1,2,'2019-09-11 13:28:56',48),(484,1,0,'2019-09-11 13:29:37',48),(485,1,0,'2019-09-11 13:30:49',48),(486,1,0,'2019-09-11 13:46:20',48),(487,1,0,'2019-09-11 13:54:05',48),(488,1,0,'2019-09-11 13:56:10',48),(489,1,0,'2019-09-11 13:56:59',48),(490,1,0,'2019-09-11 13:57:17',48),(491,1,0,'2019-09-11 13:58:13',48),(492,1,0,'2019-09-11 13:59:52',48),(493,1,0,'2019-09-11 14:02:15',48),(494,1,0,'2019-09-11 14:06:34',48),(495,1,0,'2019-09-11 14:38:37',48),(496,1,0,'2019-09-11 14:40:37',48),(497,1,0,'2019-09-11 14:40:54',48),(498,1,0,'2019-09-11 14:41:15',48),(499,1,0,'2019-09-11 14:42:00',48),(500,1,0,'2019-09-11 14:42:42',48),(501,1,0,'2019-09-11 14:46:10',48),(502,1,0,'2019-09-11 14:49:23',48),(503,1,0,'2019-09-11 14:51:47',48),(504,1,0,'2019-09-11 14:52:28',48),(505,1,4,'2019-09-11 14:58:30',48),(506,1,2,'2019-09-11 15:46:33',48),(507,1,0,'2019-09-11 15:48:44',48),(508,1,0,'2019-09-11 15:50:22',48),(509,1,0,'2019-09-11 15:54:28',48),(510,1,0,'2019-09-11 16:01:35',48),(511,1,0,'2019-09-11 16:06:39',48),(512,1,2,'2019-09-11 16:08:28',48),(513,1,0,'2019-09-11 16:21:09',48),(514,1,2,'2019-09-11 16:22:03',48),(515,1,2,'2019-09-11 16:23:42',48),(516,1,2,'2019-09-11 16:25:50',48),(517,1,0,'2019-09-11 16:30:45',48),(518,1,0,'2019-09-11 16:34:35',48),(519,1,0,'2019-09-11 16:35:12',48),(520,1,0,'2019-09-11 16:39:42',48),(521,1,0,'2019-09-11 16:41:28',48),(522,1,0,'2019-09-11 16:42:04',48),(523,1,0,'2019-09-11 16:48:04',48),(524,1,2,'2019-09-11 16:50:45',48),(525,1,0,'2019-09-11 16:52:45',48),(526,1,0,'2019-09-11 16:57:39',48),(527,1,0,'2019-09-11 17:03:27',48),(528,1,0,'2019-09-11 17:05:00',48),(529,1,0,'2019-09-11 17:05:35',48),(530,1,0,'2019-09-11 17:06:25',48),(531,1,0,'2019-09-11 17:17:34',48),(532,1,0,'2019-09-11 17:21:08',48),(533,1,2,'2019-09-11 17:21:09',48),(534,1,0,'2019-09-11 17:24:03',48),(535,1,0,'2019-09-11 17:26:45',48),(536,1,0,'2019-09-11 17:29:01',48),(537,1,0,'2019-09-11 17:34:43',48),(538,1,2,'2019-09-11 17:39:10',48),(539,1,0,'2019-09-11 17:40:09',48),(540,1,0,'2019-09-11 17:47:01',48),(541,1,0,'2019-09-11 17:49:59',48),(542,1,2,'2019-09-11 17:52:15',48),(543,1,0,'2019-09-11 17:55:34',48),(544,1,2,'2019-09-11 17:57:25',48),(545,1,0,'2019-09-11 18:01:33',48),(546,1,0,'2019-09-11 18:02:14',48),(547,1,0,'2019-09-11 18:06:07',48),(548,1,0,'2019-09-11 18:08:27',48),(549,1,0,'2019-09-11 18:12:59',48),(550,1,0,'2019-09-11 18:14:22',48),(551,1,0,'2019-09-11 18:15:31',48),(552,1,0,'2019-09-11 18:15:57',48),(553,1,0,'2019-09-11 18:16:36',48),(554,1,0,'2019-09-11 18:17:55',48),(555,1,0,'2019-09-11 18:21:50',48),(556,1,0,'2019-09-11 18:23:09',48),(557,1,0,'2019-09-11 18:24:52',48),(558,1,0,'2019-09-11 18:28:38',48),(559,1,0,'2019-09-11 18:30:03',48),(560,1,0,'2019-09-11 18:31:45',48),(561,1,0,'2019-09-11 18:32:22',48),(562,1,0,'2019-09-11 18:36:33',48),(563,1,0,'2019-09-11 18:41:49',48),(564,1,0,'2019-09-11 18:42:37',48),(565,1,0,'2019-09-11 18:44:00',48),(566,1,0,'2019-09-11 18:45:41',48),(567,1,0,'2019-09-11 18:46:01',48),(568,1,0,'2019-09-11 18:46:30',48),(569,1,0,'2019-09-11 18:46:47',48),(570,1,0,'2019-09-11 18:47:14',48),(571,1,0,'2019-09-11 18:48:01',48),(572,1,0,'2019-09-11 18:48:33',48),(573,1,0,'2019-09-11 18:57:18',48),(574,1,0,'2019-09-11 18:58:10',48),(575,1,0,'2019-09-11 18:58:56',48),(576,1,0,'2019-09-11 23:07:52',48),(577,1,0,'2019-09-11 23:09:45',48),(578,1,0,'2019-09-11 23:10:47',48),(579,1,0,'2019-09-11 23:12:51',48),(580,1,2,'2019-09-11 23:13:59',48),(581,1,0,'2019-09-11 23:15:41',48),(582,1,0,'2019-09-12 04:07:58',48),(583,1,0,'2019-09-12 10:14:39',48),(584,1,0,'2019-09-12 12:28:47',52),(585,1,0,'2019-09-12 12:29:23',52),(586,1,0,'2019-09-12 22:44:30',48),(587,1,0,'2019-09-12 22:44:53',48),(588,1,0,'2019-09-12 22:45:11',48),(589,1,0,'2019-09-12 22:46:30',48),(590,1,0,'2019-09-13 05:14:46',52),(591,1,0,'2019-09-13 05:15:08',48),(592,1,0,'2019-09-13 05:15:43',48),(593,1,0,'2019-09-13 06:02:52',48),(594,1,6,'2019-09-13 20:26:38',53),(595,1,0,'2019-09-13 22:29:27',53),(596,1,0,'2019-09-13 22:29:51',53),(597,1,0,'2019-09-13 22:30:22',53),(598,1,0,'2019-09-13 22:31:24',53),(599,1,0,'2019-09-13 22:31:40',53),(600,1,0,'2019-09-13 22:36:11',53),(601,1,0,'2019-09-13 22:36:19',53),(602,1,0,'2019-09-13 22:40:57',53),(603,1,0,'2019-09-13 22:45:38',53),(604,1,0,'2019-09-13 22:47:07',53),(605,1,0,'2019-09-13 22:47:59',53),(606,1,0,'2019-09-13 22:48:32',53),(607,1,0,'2019-09-13 22:48:47',53),(608,1,0,'2019-09-13 22:49:41',53),(609,1,0,'2019-09-13 22:49:59',53),(610,1,0,'2019-09-13 22:50:06',53),(611,1,0,'2019-09-13 22:57:50',53),(612,1,0,'2019-09-13 22:58:06',53),(613,1,0,'2019-09-13 23:03:38',53),(614,1,0,'2019-09-13 23:06:02',53),(615,1,0,'2019-09-13 23:08:46',53),(616,1,0,'2019-09-13 23:10:04',53),(617,1,0,'2019-09-13 23:13:22',53),(618,1,0,'2019-09-13 23:15:18',53),(619,1,0,'2019-09-13 23:16:03',53),(620,1,0,'2019-09-13 23:20:56',53),(621,1,0,'2019-09-13 23:22:26',53),(622,1,0,'2019-09-13 23:23:04',53),(623,1,0,'2019-09-13 23:24:30',53),(624,1,0,'2019-09-13 23:25:16',53),(625,1,0,'2019-09-13 23:27:01',53),(626,1,2,'2019-09-13 23:34:44',53),(627,1,4,'2019-09-13 23:38:50',53),(628,1,0,'2019-09-13 23:39:42',53),(629,1,0,'2019-09-13 23:44:43',53),(630,1,0,'2019-09-13 23:45:36',53),(631,1,0,'2019-09-13 23:54:01',53),(632,1,0,'2019-09-13 23:54:35',53),(633,1,0,'2019-09-13 23:56:41',53),(634,1,0,'2019-09-13 23:57:10',53),(635,1,0,'2019-09-14 00:00:07',53),(636,1,0,'2019-09-14 00:00:29',53),(637,1,0,'2019-09-14 00:00:44',53),(638,1,0,'2019-09-14 00:06:52',53),(639,1,0,'2019-09-14 00:07:05',53),(640,1,0,'2019-09-14 01:47:34',53),(641,1,0,'2019-09-15 08:49:02',52),(642,1,0,'2019-09-15 08:50:31',47),(643,1,0,'2019-09-15 08:51:21',47),(644,1,0,'2019-09-15 08:51:24',47),(645,1,0,'2019-09-15 08:51:35',50),(646,1,0,'2019-09-22 20:53:20',53),(647,1,0,'2019-09-22 20:57:45',53),(648,1,2,'2019-09-22 21:20:21',53),(649,1,0,'2019-09-22 22:47:20',54),(650,1,0,'2019-09-22 23:02:13',54),(651,1,0,'2019-09-22 23:16:14',56),(652,1,0,'2019-09-22 23:20:27',56),(653,1,0,'2019-09-22 23:21:31',56),(654,1,0,'2019-09-22 23:22:23',56),(655,1,0,'2019-09-26 20:34:08',56),(656,1,0,'2019-09-26 20:34:35',56),(657,1,0,'2019-09-26 20:35:09',55),(658,1,0,'2019-09-26 20:35:15',54),(659,1,0,'2019-09-26 20:35:26',54),(660,1,0,'2019-09-29 00:12:04',53),(661,1,0,'2019-09-29 00:12:43',53),(662,1,0,'2019-09-29 00:12:59',54),(663,1,0,'2019-09-29 00:13:05',57),(664,1,0,'2019-09-29 19:57:32',57),(665,1,0,'2019-09-29 19:57:58',55),(666,1,0,'2019-09-29 19:58:03',53),(667,1,0,'2019-09-29 19:58:07',56),(668,1,0,'2019-09-29 19:58:23',57);
/*!40000 ALTER TABLE `practice_question_set` ENABLE KEYS */;
UNLOCK TABLES;

--
-- Table structure for table `question`
--

DROP TABLE IF EXISTS `question`;
/*!40101 SET @saved_cs_client     = @@character_set_client */;
/*!40101 SET character_set_client = utf8 */;
CREATE TABLE `question` (
  `idquestion` int(11) NOT NULL AUTO_INCREMENT,
  `questiontext` longtext,
  `idquestionset` int(11) NOT NULL,
  `status` int(11) NOT NULL,
  `idenumsections` int(11) NOT NULL,
  `imgpath` varchar(256) DEFAULT NULL,
  PRIMARY KEY (`idquestion`),
  KEY `fk_QUESTION_QUESTION_SET1_idx` (`idquestionset`),
  KEY `fk_QUESTION_ENUM_QUESTION_STATUS1_idx` (`status`),
  KEY `fk_QUESTION_ENUM_SECTIONS1_idx` (`idenumsections`),
  CONSTRAINT `fk_QUESTION_ENUM_QUESTION_STATUS1` FOREIGN KEY (`status`) REFERENCES `enum_question_status` (`idenumquestionstatus`) ON DELETE NO ACTION ON UPDATE NO ACTION,
  CONSTRAINT `fk_QUESTION_ENUM_SECTIONS1` FOREIGN KEY (`idenumsections`) REFERENCES `enum_sections` (`idenumsections`) ON DELETE NO ACTION ON UPDATE NO ACTION,
  CONSTRAINT `fk_QUESTION_QUESTION_SET1` FOREIGN KEY (`idquestionset`) REFERENCES `question_set` (`idquestionset`) ON DELETE NO ACTION ON UPDATE NO ACTION
) ENGINE=InnoDB AUTO_INCREMENT=282 DEFAULT CHARSET=utf8;
/*!40101 SET character_set_client = @saved_cs_client */;

--
-- Dumping data for table `question`
--

LOCK TABLES `question` WRITE;
/*!40000 ALTER TABLE `question` DISABLE KEYS */;
INSERT INTO `question` VALUES (72,'question',44,1,1,'C:\\Users\\User\\Desktop\\ALEE Final Demo\\Project\\Update5x\\SmartEE\\build\\web\\uploads//1en_file_1'),(73,'question',44,1,1,'C:\\Users\\User\\Desktop\\ALEE Final Demo\\Project\\Update5x\\SmartEE\\build\\web\\uploads//1en_file_2'),(74,'question',45,2,1,'C:\\Users\\User\\Desktop\\ALEE Final Demo\\Project\\Update5x\\SmartEE\\build\\web\\uploads//45en_file_1'),(75,'question',45,2,1,'C:\\Users\\User\\Desktop\\ALEE Final Demo\\Project\\Update5x\\SmartEE\\build\\web\\uploads//45en_file_2'),(76,'question',47,1,1,'C:\\Users\\User\\Desktop\\ALEE Final Demo\\Project\\Update5x\\SmartEE\\build\\web\\uploads//47en_file_1'),(77,'question',47,1,1,'C:\\Users\\User\\Desktop\\ALEE Final Demo\\Project\\Update5x\\SmartEE\\build\\web\\uploads//47en_file_2'),(78,'question',47,1,1,'C:\\Users\\User\\Desktop\\ALEE Final Demo\\Project\\Update5x\\SmartEE\\build\\web\\uploads//47en_file_3'),(79,'question',47,1,1,'C:\\Users\\User\\Desktop\\ALEE Final Demo\\Project\\Update5x\\SmartEE\\build\\web\\uploads//47en_file_4'),(80,'question',47,1,1,'C:\\Users\\User\\Desktop\\ALEE Final Demo\\Project\\Update5x\\SmartEE\\build\\web\\uploads//47en_file_5'),(81,'question',47,1,1,'C:\\Users\\User\\Desktop\\ALEE Final Demo\\Project\\Update5x\\SmartEE\\build\\web\\uploads//47en_file_6'),(82,'question',47,1,1,'C:\\Users\\User\\Desktop\\ALEE Final Demo\\Project\\Update5x\\SmartEE\\build\\web\\uploads//47en_file_7'),(83,'question',47,1,1,'C:\\Users\\User\\Desktop\\ALEE Final Demo\\Project\\Update5x\\SmartEE\\build\\web\\uploads//47en_file_8'),(84,'question',47,1,1,'C:\\Users\\User\\Desktop\\ALEE Final Demo\\Project\\Update5x\\SmartEE\\build\\web\\uploads//47en_file_9'),(85,'question',47,1,1,'C:\\Users\\User\\Desktop\\ALEE Final Demo\\Project\\Update5x\\SmartEE\\build\\web\\uploads//47en_file_10'),(86,'question',47,1,1,'C:\\Users\\User\\Desktop\\ALEE Final Demo\\Project\\Update5x\\SmartEE\\build\\web\\uploads//47en_file_11'),(87,'question',47,1,1,'C:\\Users\\User\\Desktop\\ALEE Final Demo\\Project\\Update5x\\SmartEE\\build\\web\\uploads//47en_file_12'),(88,'question',47,1,1,'C:\\Users\\User\\Desktop\\ALEE Final Demo\\Project\\Update5x\\SmartEE\\build\\web\\uploads//47en_file_13'),(89,'question',47,1,1,'C:\\Users\\User\\Desktop\\ALEE Final Demo\\Project\\Update5x\\SmartEE\\build\\web\\uploads//47en_file_14'),(90,'question',47,1,1,'C:\\Users\\User\\Desktop\\ALEE Final Demo\\Project\\Update5x\\SmartEE\\build\\web\\uploads//47en_file_15'),(91,'question',47,1,1,'C:\\Users\\User\\Desktop\\ALEE Final Demo\\Project\\Update5x\\SmartEE\\build\\web\\uploads//47en_file_16'),(92,'question',47,1,1,'C:\\Users\\User\\Desktop\\ALEE Final Demo\\Project\\Update5x\\SmartEE\\build\\web\\uploads//47en_file_17'),(93,'question',47,1,1,'C:\\Users\\User\\Desktop\\ALEE Final Demo\\Project\\Update5x\\SmartEE\\build\\web\\uploads//47en_file_18'),(94,'question',47,1,1,'C:\\Users\\User\\Desktop\\ALEE Final Demo\\Project\\Update5x\\SmartEE\\build\\web\\uploads//47en_file_19'),(95,'question',47,1,1,'C:\\Users\\User\\Desktop\\ALEE Final Demo\\Project\\Update5x\\SmartEE\\build\\web\\uploads//47en_file_20'),(96,'question',47,1,1,'C:\\Users\\User\\Desktop\\ALEE Final Demo\\Project\\Update5x\\SmartEE\\build\\web\\uploads//47en_file_21'),(97,'question',47,1,1,'C:\\Users\\User\\Desktop\\ALEE Final Demo\\Project\\Update5x\\SmartEE\\build\\web\\uploads//47en_file_22'),(98,'question',47,1,1,'C:\\Users\\User\\Desktop\\ALEE Final Demo\\Project\\Update5x\\SmartEE\\build\\web\\uploads//47en_file_23'),(99,'question',47,1,1,'C:\\Users\\User\\Desktop\\ALEE Final Demo\\Project\\Update5x\\SmartEE\\build\\web\\uploads//47en_file_24'),(100,'question',47,1,1,'C:\\Users\\User\\Desktop\\ALEE Final Demo\\Project\\Update5x\\SmartEE\\build\\web\\uploads//47en_file_25'),(101,'question',47,1,1,'C:\\Users\\User\\Desktop\\ALEE Final Demo\\Project\\Update5x\\SmartEE\\build\\web\\uploads//47en_file_26'),(102,'question',47,1,1,'C:\\Users\\User\\Desktop\\ALEE Final Demo\\Project\\Update5x\\SmartEE\\build\\web\\uploads//47en_file_27'),(103,'question',47,1,1,'C:\\Users\\User\\Desktop\\ALEE Final Demo\\Project\\Update5x\\SmartEE\\build\\web\\uploads//47en_file_28'),(104,'question',47,1,1,'C:\\Users\\User\\Desktop\\ALEE Final Demo\\Project\\Update5x\\SmartEE\\build\\web\\uploads//47en_file_29'),(105,'question',47,1,1,'C:\\Users\\User\\Desktop\\ALEE Final Demo\\Project\\Update5x\\SmartEE\\build\\web\\uploads//47en_file_30'),(106,'question',47,1,1,'C:\\Users\\User\\Desktop\\ALEE Final Demo\\Project\\Update5x\\SmartEE\\build\\web\\uploads//47en_file_31'),(107,'question',47,1,1,'C:\\Users\\User\\Desktop\\ALEE Final Demo\\Project\\Update5x\\SmartEE\\build\\web\\uploads//47en_file_32'),(108,'question',47,1,1,'C:\\Users\\User\\Desktop\\ALEE Final Demo\\Project\\Update5x\\SmartEE\\build\\web\\uploads//47en_file_33'),(109,'question',47,1,1,'C:\\Users\\User\\Desktop\\ALEE Final Demo\\Project\\Update5x\\SmartEE\\build\\web\\uploads//47en_file_34'),(110,'question',47,1,1,'C:\\Users\\User\\Desktop\\ALEE Final Demo\\Project\\Update5x\\SmartEE\\build\\web\\uploads//47en_file_35'),(111,'question',47,1,1,'C:\\Users\\User\\Desktop\\ALEE Final Demo\\Project\\Update5x\\SmartEE\\build\\web\\uploads//47en_file_36'),(112,'question',47,1,1,'C:\\Users\\User\\Desktop\\ALEE Final Demo\\Project\\Update5x\\SmartEE\\build\\web\\uploads//47en_file_37'),(113,'question',47,1,1,'C:\\Users\\User\\Desktop\\ALEE Final Demo\\Project\\Update5x\\SmartEE\\build\\web\\uploads//47en_file_38'),(114,'question',47,1,1,'C:\\Users\\User\\Desktop\\ALEE Final Demo\\Project\\Update5x\\SmartEE\\build\\web\\uploads//47en_file_39'),(115,'question',47,1,1,'C:\\Users\\User\\Desktop\\ALEE Final Demo\\Project\\Update5x\\SmartEE\\build\\web\\uploads//47en_file_40'),(116,'question',47,1,1,'C:\\Users\\User\\Desktop\\ALEE Final Demo\\Project\\Update5x\\SmartEE\\build\\web\\uploads//47en_file_41'),(117,'question',47,1,1,'C:\\Users\\User\\Desktop\\ALEE Final Demo\\Project\\Update5x\\SmartEE\\build\\web\\uploads//47en_file_42'),(118,'question',47,1,1,'C:\\Users\\User\\Desktop\\ALEE Final Demo\\Project\\Update5x\\SmartEE\\build\\web\\uploads//47en_file_43'),(119,'question',47,1,1,'C:\\Users\\User\\Desktop\\ALEE Final Demo\\Project\\Update5x\\SmartEE\\build\\web\\uploads//47en_file_44'),(120,'question',47,1,1,'C:\\Users\\User\\Desktop\\ALEE Final Demo\\Project\\Update5x\\SmartEE\\build\\web\\uploads//47en_file_45'),(121,'question',47,1,1,'C:\\Users\\User\\Desktop\\ALEE Final Demo\\Project\\Update5x\\SmartEE\\build\\web\\uploads//47en_file_46'),(122,'question',47,1,1,'C:\\Users\\User\\Desktop\\ALEE Final Demo\\Project\\Update5x\\SmartEE\\build\\web\\uploads//47en_file_47'),(123,'question',47,1,1,'C:\\Users\\User\\Desktop\\ALEE Final Demo\\Project\\Update5x\\SmartEE\\build\\web\\uploads//47en_file_48'),(124,'question',47,1,1,'C:\\Users\\User\\Desktop\\ALEE Final Demo\\Project\\Update5x\\SmartEE\\build\\web\\uploads//47en_file_49'),(125,'question',47,1,1,'C:\\Users\\User\\Desktop\\ALEE Final Demo\\Project\\Update5x\\SmartEE\\build\\web\\uploads//47en_file_50'),(126,'question',48,1,1,'C:\\Users\\User\\Desktop\\ALEE Final Demo\\Project\\Update5x\\SmartEE\\build\\web\\uploads//48en_file_1'),(127,'question',48,1,1,'C:\\Users\\User\\Desktop\\ALEE Final Demo\\Project\\Update5x\\SmartEE\\build\\web\\uploads//48en_file_2'),(128,'question',48,1,1,'C:\\Users\\User\\Desktop\\ALEE Final Demo\\Project\\Update5x\\SmartEE\\build\\web\\uploads//48en_file_3'),(129,'question',48,1,1,'C:\\Users\\User\\Desktop\\ALEE Final Demo\\Project\\Update5x\\SmartEE\\build\\web\\uploads//48en_file_4'),(130,'question',48,1,1,'C:\\Users\\User\\Desktop\\ALEE Final Demo\\Project\\Update5x\\SmartEE\\build\\web\\uploads//48en_file_5'),(131,'question',48,1,1,'C:\\Users\\User\\Desktop\\ALEE Final Demo\\Project\\Update5x\\SmartEE\\build\\web\\uploads//48en_file_6'),(132,'question',48,1,1,'C:\\Users\\User\\Desktop\\ALEE Final Demo\\Project\\Update5x\\SmartEE\\build\\web\\uploads//48en_file_7'),(133,'question',48,1,1,'C:\\Users\\User\\Desktop\\ALEE Final Demo\\Project\\Update5x\\SmartEE\\build\\web\\uploads//48en_file_8'),(134,'question',48,1,1,'C:\\Users\\User\\Desktop\\ALEE Final Demo\\Project\\Update5x\\SmartEE\\build\\web\\uploads//48en_file_9'),(135,'question',48,1,1,'C:\\Users\\User\\Desktop\\ALEE Final Demo\\Project\\Update5x\\SmartEE\\build\\web\\uploads//48en_file_10'),(136,'question',48,1,1,'C:\\Users\\User\\Desktop\\ALEE Final Demo\\Project\\Update5x\\SmartEE\\build\\web\\uploads//48en_file_11'),(137,'question',48,1,1,'C:\\Users\\User\\Desktop\\ALEE Final Demo\\Project\\Update5x\\SmartEE\\build\\web\\uploads//48en_file_12'),(138,'question',48,1,1,'C:\\Users\\User\\Desktop\\ALEE Final Demo\\Project\\Update5x\\SmartEE\\build\\web\\uploads//48en_file_13'),(139,'question',48,1,1,'C:\\Users\\User\\Desktop\\ALEE Final Demo\\Project\\Update5x\\SmartEE\\build\\web\\uploads//48en_file_14'),(140,'question',48,1,1,'C:\\Users\\User\\Desktop\\ALEE Final Demo\\Project\\Update5x\\SmartEE\\build\\web\\uploads//48en_file_15'),(141,'question',48,1,1,'C:\\Users\\User\\Desktop\\ALEE Final Demo\\Project\\Update5x\\SmartEE\\build\\web\\uploads//48en_file_16'),(142,'question',48,1,1,'C:\\Users\\User\\Desktop\\ALEE Final Demo\\Project\\Update5x\\SmartEE\\build\\web\\uploads//48en_file_17'),(143,'question',48,1,1,'C:\\Users\\User\\Desktop\\ALEE Final Demo\\Project\\Update5x\\SmartEE\\build\\web\\uploads//48en_file_18'),(144,'question',48,1,1,'C:\\Users\\User\\Desktop\\ALEE Final Demo\\Project\\Update5x\\SmartEE\\build\\web\\uploads//48en_file_19'),(145,'question',48,1,1,'C:\\Users\\User\\Desktop\\ALEE Final Demo\\Project\\Update5x\\SmartEE\\build\\web\\uploads//48en_file_20'),(146,'question',48,1,1,'C:\\Users\\User\\Desktop\\ALEE Final Demo\\Project\\Update5x\\SmartEE\\build\\web\\uploads//48en_file_21'),(147,'question',48,1,1,'C:\\Users\\User\\Desktop\\ALEE Final Demo\\Project\\Update5x\\SmartEE\\build\\web\\uploads//48en_file_22'),(148,'question',48,1,1,'C:\\Users\\User\\Desktop\\ALEE Final Demo\\Project\\Update5x\\SmartEE\\build\\web\\uploads//48en_file_23'),(149,'question',48,1,1,'C:\\Users\\User\\Desktop\\ALEE Final Demo\\Project\\Update5x\\SmartEE\\build\\web\\uploads//48en_file_24'),(150,'question',48,1,1,'C:\\Users\\User\\Desktop\\ALEE Final Demo\\Project\\Update5x\\SmartEE\\build\\web\\uploads//48en_file_25'),(151,'question',48,1,1,'C:\\Users\\User\\Desktop\\ALEE Final Demo\\Project\\Update5x\\SmartEE\\build\\web\\uploads//48en_file_26'),(152,'question',48,1,1,'C:\\Users\\User\\Desktop\\ALEE Final Demo\\Project\\Update5x\\SmartEE\\build\\web\\uploads//48en_file_27'),(153,'question',48,1,1,'C:\\Users\\User\\Desktop\\ALEE Final Demo\\Project\\Update5x\\SmartEE\\build\\web\\uploads//48en_file_28'),(154,'question',48,1,1,'C:\\Users\\User\\Desktop\\ALEE Final Demo\\Project\\Update5x\\SmartEE\\build\\web\\uploads//48en_file_29'),(155,'question',48,1,1,'C:\\Users\\User\\Desktop\\ALEE Final Demo\\Project\\Update5x\\SmartEE\\build\\web\\uploads//48en_file_30'),(156,'question',48,1,1,'C:\\Users\\User\\Desktop\\ALEE Final Demo\\Project\\Update5x\\SmartEE\\build\\web\\uploads//48en_file_31'),(157,'question',48,1,1,'C:\\Users\\User\\Desktop\\ALEE Final Demo\\Project\\Update5x\\SmartEE\\build\\web\\uploads//48en_file_32'),(158,'question',48,1,1,'C:\\Users\\User\\Desktop\\ALEE Final Demo\\Project\\Update5x\\SmartEE\\build\\web\\uploads//48en_file_33'),(159,'question',48,1,1,'C:\\Users\\User\\Desktop\\ALEE Final Demo\\Project\\Update5x\\SmartEE\\build\\web\\uploads//48en_file_34'),(160,'question',48,1,1,'C:\\Users\\User\\Desktop\\ALEE Final Demo\\Project\\Update5x\\SmartEE\\build\\web\\uploads//48en_file_35'),(161,'question',48,1,1,'C:\\Users\\User\\Desktop\\ALEE Final Demo\\Project\\Update5x\\SmartEE\\build\\web\\uploads//48en_file_36'),(162,'question',48,1,1,'C:\\Users\\User\\Desktop\\ALEE Final Demo\\Project\\Update5x\\SmartEE\\build\\web\\uploads//48en_file_37'),(163,'question',48,1,1,'C:\\Users\\User\\Desktop\\ALEE Final Demo\\Project\\Update5x\\SmartEE\\build\\web\\uploads//48en_file_38'),(164,'question',48,1,1,'C:\\Users\\User\\Desktop\\ALEE Final Demo\\Project\\Update5x\\SmartEE\\build\\web\\uploads//48en_file_39'),(165,'question',48,1,1,'C:\\Users\\User\\Desktop\\ALEE Final Demo\\Project\\Update5x\\SmartEE\\build\\web\\uploads//48en_file_40'),(166,'question',48,1,1,'C:\\Users\\User\\Desktop\\ALEE Final Demo\\Project\\Update5x\\SmartEE\\build\\web\\uploads//48en_file_41'),(167,'question',48,1,1,'C:\\Users\\User\\Desktop\\ALEE Final Demo\\Project\\Update5x\\SmartEE\\build\\web\\uploads//48en_file_42'),(168,'question',48,1,1,'C:\\Users\\User\\Desktop\\ALEE Final Demo\\Project\\Update5x\\SmartEE\\build\\web\\uploads//48en_file_43'),(169,'question',48,1,1,'C:\\Users\\User\\Desktop\\ALEE Final Demo\\Project\\Update5x\\SmartEE\\build\\web\\uploads//48en_file_44'),(170,'question',48,1,1,'C:\\Users\\User\\Desktop\\ALEE Final Demo\\Project\\Update5x\\SmartEE\\build\\web\\uploads//48en_file_45'),(171,'question',48,1,1,'C:\\Users\\User\\Desktop\\ALEE Final Demo\\Project\\Update5x\\SmartEE\\build\\web\\uploads//48en_file_46'),(172,'question',48,1,1,'C:\\Users\\User\\Desktop\\ALEE Final Demo\\Project\\Update5x\\SmartEE\\build\\web\\uploads//48en_file_47'),(173,'question',48,1,1,'C:\\Users\\User\\Desktop\\ALEE Final Demo\\Project\\Update5x\\SmartEE\\build\\web\\uploads//48en_file_48'),(174,'question',48,1,1,'C:\\Users\\User\\Desktop\\ALEE Final Demo\\Project\\Update5x\\SmartEE\\build\\web\\uploads//48en_file_49'),(175,'question',48,1,1,'C:\\Users\\User\\Desktop\\ALEE Final Demo\\Project\\Update5x\\SmartEE\\build\\web\\uploads//48en_file_50'),(176,'question',52,1,1,'C:\\Users\\User\\Desktop\\ALEE Final Demo\\Project\\Update5x\\SmartEE\\build\\web\\uploads//52en_file_1'),(177,'question',52,1,1,'C:\\Users\\User\\Desktop\\ALEE Final Demo\\Project\\Update5x\\SmartEE\\build\\web\\uploads//52en_file_2'),(178,'question',52,1,1,'C:\\Users\\User\\Desktop\\ALEE Final Demo\\Project\\Update5x\\SmartEE\\build\\web\\uploads//52en_file_3'),(179,'question',52,1,1,'C:\\Users\\User\\Desktop\\ALEE Final Demo\\Project\\Update5x\\SmartEE\\build\\web\\uploads//52en_file_4'),(180,'question',52,1,1,'C:\\Users\\User\\Desktop\\ALEE Final Demo\\Project\\Update5x\\SmartEE\\build\\web\\uploads//52en_file_5'),(181,'question',52,1,1,'C:\\Users\\User\\Desktop\\ALEE Final Demo\\Project\\Update5x\\SmartEE\\build\\web\\uploads//52en_file_6'),(182,'question',52,1,1,'C:\\Users\\User\\Desktop\\ALEE Final Demo\\Project\\Update5x\\SmartEE\\build\\web\\uploads//52en_file_7'),(183,'question',52,1,1,'C:\\Users\\User\\Desktop\\ALEE Final Demo\\Project\\Update5x\\SmartEE\\build\\web\\uploads//52en_file_8'),(184,'question',52,1,1,'C:\\Users\\User\\Desktop\\ALEE Final Demo\\Project\\Update5x\\SmartEE\\build\\web\\uploads//52en_file_9'),(185,'question',52,1,1,'C:\\Users\\User\\Desktop\\ALEE Final Demo\\Project\\Update5x\\SmartEE\\build\\web\\uploads//52en_file_10'),(186,'question',52,1,1,'C:\\Users\\User\\Desktop\\ALEE Final Demo\\Project\\Update5x\\SmartEE\\build\\web\\uploads//52en_file_11'),(187,'question',52,1,1,'C:\\Users\\User\\Desktop\\ALEE Final Demo\\Project\\Update5x\\SmartEE\\build\\web\\uploads//52en_file_12'),(188,'question',52,1,1,'C:\\Users\\User\\Desktop\\ALEE Final Demo\\Project\\Update5x\\SmartEE\\build\\web\\uploads//52en_file_13'),(189,'question',52,1,1,'C:\\Users\\User\\Desktop\\ALEE Final Demo\\Project\\Update5x\\SmartEE\\build\\web\\uploads//52en_file_14'),(190,'question',52,1,1,'C:\\Users\\User\\Desktop\\ALEE Final Demo\\Project\\Update5x\\SmartEE\\build\\web\\uploads//52en_file_15'),(191,'question',52,1,1,'C:\\Users\\User\\Desktop\\ALEE Final Demo\\Project\\Update5x\\SmartEE\\build\\web\\uploads//52en_file_16'),(192,'question',52,1,1,'C:\\Users\\User\\Desktop\\ALEE Final Demo\\Project\\Update5x\\SmartEE\\build\\web\\uploads//52en_file_17'),(193,'question',52,1,1,'C:\\Users\\User\\Desktop\\ALEE Final Demo\\Project\\Update5x\\SmartEE\\build\\web\\uploads//52en_file_18'),(194,'question',52,1,1,'C:\\Users\\User\\Desktop\\ALEE Final Demo\\Project\\Update5x\\SmartEE\\build\\web\\uploads//52en_file_19'),(195,'question',52,1,1,'C:\\Users\\User\\Desktop\\ALEE Final Demo\\Project\\Update5x\\SmartEE\\build\\web\\uploads//52en_file_20'),(196,'question',52,1,1,'C:\\Users\\User\\Desktop\\ALEE Final Demo\\Project\\Update5x\\SmartEE\\build\\web\\uploads//52en_file_21'),(197,'question',52,1,1,'C:\\Users\\User\\Desktop\\ALEE Final Demo\\Project\\Update5x\\SmartEE\\build\\web\\uploads//52en_file_22'),(198,'question',52,1,1,'C:\\Users\\User\\Desktop\\ALEE Final Demo\\Project\\Update5x\\SmartEE\\build\\web\\uploads//52en_file_23'),(199,'question',52,1,1,'C:\\Users\\User\\Desktop\\ALEE Final Demo\\Project\\Update5x\\SmartEE\\build\\web\\uploads//52en_file_24'),(200,'question',52,1,1,'C:\\Users\\User\\Desktop\\ALEE Final Demo\\Project\\Update5x\\SmartEE\\build\\web\\uploads//52en_file_25'),(201,'question',52,1,1,'C:\\Users\\User\\Desktop\\ALEE Final Demo\\Project\\Update5x\\SmartEE\\build\\web\\uploads//52en_file_26'),(202,'question',52,1,1,'C:\\Users\\User\\Desktop\\ALEE Final Demo\\Project\\Update5x\\SmartEE\\build\\web\\uploads//52en_file_27'),(203,'question',52,1,1,'C:\\Users\\User\\Desktop\\ALEE Final Demo\\Project\\Update5x\\SmartEE\\build\\web\\uploads//52en_file_28'),(204,'question',52,1,1,'C:\\Users\\User\\Desktop\\ALEE Final Demo\\Project\\Update5x\\SmartEE\\build\\web\\uploads//52en_file_29'),(205,'question',52,1,1,'C:\\Users\\User\\Desktop\\ALEE Final Demo\\Project\\Update5x\\SmartEE\\build\\web\\uploads//52en_file_30'),(206,'question',52,1,1,'C:\\Users\\User\\Desktop\\ALEE Final Demo\\Project\\Update5x\\SmartEE\\build\\web\\uploads//52en_file_31'),(207,'question',52,1,1,'C:\\Users\\User\\Desktop\\ALEE Final Demo\\Project\\Update5x\\SmartEE\\build\\web\\uploads//52en_file_32'),(208,'question',52,1,1,'C:\\Users\\User\\Desktop\\ALEE Final Demo\\Project\\Update5x\\SmartEE\\build\\web\\uploads//52en_file_33'),(209,'question',52,1,1,'C:\\Users\\User\\Desktop\\ALEE Final Demo\\Project\\Update5x\\SmartEE\\build\\web\\uploads//52en_file_34'),(210,'question',52,1,1,'C:\\Users\\User\\Desktop\\ALEE Final Demo\\Project\\Update5x\\SmartEE\\build\\web\\uploads//52en_file_35'),(211,'question',52,1,1,'C:\\Users\\User\\Desktop\\ALEE Final Demo\\Project\\Update5x\\SmartEE\\build\\web\\uploads//52en_file_36'),(212,'question',52,1,1,'C:\\Users\\User\\Desktop\\ALEE Final Demo\\Project\\Update5x\\SmartEE\\build\\web\\uploads//52en_file_37'),(213,'question',52,1,1,'C:\\Users\\User\\Desktop\\ALEE Final Demo\\Project\\Update5x\\SmartEE\\build\\web\\uploads//52en_file_38'),(214,'question',52,1,1,'C:\\Users\\User\\Desktop\\ALEE Final Demo\\Project\\Update5x\\SmartEE\\build\\web\\uploads//52en_file_39'),(215,'question',52,1,1,'C:\\Users\\User\\Desktop\\ALEE Final Demo\\Project\\Update5x\\SmartEE\\build\\web\\uploads//52en_file_40'),(216,'question',52,1,1,'C:\\Users\\User\\Desktop\\ALEE Final Demo\\Project\\Update5x\\SmartEE\\build\\web\\uploads//52en_file_41'),(217,'question',52,1,1,'C:\\Users\\User\\Desktop\\ALEE Final Demo\\Project\\Update5x\\SmartEE\\build\\web\\uploads//52en_file_42'),(218,'question',52,1,1,'C:\\Users\\User\\Desktop\\ALEE Final Demo\\Project\\Update5x\\SmartEE\\build\\web\\uploads//52en_file_43'),(219,'question',52,1,1,'C:\\Users\\User\\Desktop\\ALEE Final Demo\\Project\\Update5x\\SmartEE\\build\\web\\uploads//52en_file_44'),(220,'question',52,1,1,'C:\\Users\\User\\Desktop\\ALEE Final Demo\\Project\\Update5x\\SmartEE\\build\\web\\uploads//52en_file_45'),(221,'question',52,1,1,'C:\\Users\\User\\Desktop\\ALEE Final Demo\\Project\\Update5x\\SmartEE\\build\\web\\uploads//52en_file_46'),(222,'question',52,1,1,'C:\\Users\\User\\Desktop\\ALEE Final Demo\\Project\\Update5x\\SmartEE\\build\\web\\uploads//52en_file_47'),(223,'question',52,1,1,'C:\\Users\\User\\Desktop\\ALEE Final Demo\\Project\\Update5x\\SmartEE\\build\\web\\uploads//52en_file_48'),(224,'question',52,1,1,'C:\\Users\\User\\Desktop\\ALEE Final Demo\\Project\\Update5x\\SmartEE\\build\\web\\uploads//52en_file_49'),(225,'question',52,1,1,'C:\\Users\\User\\Desktop\\ALEE Final Demo\\Project\\Update5x\\SmartEE\\build\\web\\uploads//52en_file_50'),(226,'who is the first king of kigdom Polonnaruwa',53,1,1,'C:\\Users\\User\\Desktop\\ALEE Final Demo\\Project\\Update5x\\SmartEE\\build\\web\\uploads//53en_file_2'),(227,'Who is the first King of Kingdom Anuradhapura',53,1,1,'C:\\Users\\User\\Desktop\\ALEE Final Demo\\Project\\Update5x\\SmartEE\\build\\web\\uploads//53en_file_2'),(228,'question',53,1,1,'C:\\Users\\User\\Desktop\\ALEE Final Demo\\Project\\Update5x\\SmartEE\\build\\web\\uploads//53en_file_3'),(229,'question',53,1,1,'C:\\Users\\User\\Desktop\\ALEE Final Demo\\Project\\Update5x\\SmartEE\\build\\web\\uploads//53en_file_4'),(230,'question',53,1,1,'C:\\Users\\User\\Desktop\\ALEE Final Demo\\Project\\Update5x\\SmartEE\\build\\web\\uploads//53en_file_5'),(231,'question',53,1,1,'C:\\Users\\User\\Desktop\\ALEE Final Demo\\Project\\Update5x\\SmartEE\\build\\web\\uploads//53en_file_6'),(232,'question',53,1,1,'C:\\Users\\User\\Desktop\\ALEE Final Demo\\Project\\Update5x\\SmartEE\\build\\web\\uploads//53en_file_7'),(233,'question',53,1,1,'C:\\Users\\User\\Desktop\\ALEE Final Demo\\Project\\Update5x\\SmartEE\\build\\web\\uploads//53en_file_8'),(234,'question',53,1,1,'C:\\Users\\User\\Desktop\\ALEE Final Demo\\Project\\Update5x\\SmartEE\\build\\web\\uploads//53en_file_9'),(235,'question',53,1,1,'C:\\Users\\User\\Desktop\\ALEE Final Demo\\Project\\Update5x\\SmartEE\\build\\web\\uploads//53en_file_10'),(236,'question',53,1,1,'C:\\Users\\User\\Desktop\\ALEE Final Demo\\Project\\Update5x\\SmartEE\\build\\web\\uploads//53en_file_11'),(237,'question',53,1,1,'C:\\Users\\User\\Desktop\\ALEE Final Demo\\Project\\Update5x\\SmartEE\\build\\web\\uploads//53en_file_12'),(238,'question',53,1,1,'C:\\Users\\User\\Desktop\\ALEE Final Demo\\Project\\Update5x\\SmartEE\\build\\web\\uploads//53en_file_13'),(239,'question',53,1,1,'C:\\Users\\User\\Desktop\\ALEE Final Demo\\Project\\Update5x\\SmartEE\\build\\web\\uploads//53en_file_14'),(240,'question',53,1,1,'C:\\Users\\User\\Desktop\\ALEE Final Demo\\Project\\Update5x\\SmartEE\\build\\web\\uploads//53en_file_15'),(241,'question',53,1,1,'C:\\Users\\User\\Desktop\\ALEE Final Demo\\Project\\Update5x\\SmartEE\\build\\web\\uploads//53en_file_16'),(242,'question',53,1,1,'C:\\Users\\User\\Desktop\\ALEE Final Demo\\Project\\Update5x\\SmartEE\\build\\web\\uploads//53en_file_17'),(243,'question',53,1,1,'C:\\Users\\User\\Desktop\\ALEE Final Demo\\Project\\Update5x\\SmartEE\\build\\web\\uploads//53en_file_18'),(244,'question',53,1,1,'C:\\Users\\User\\Desktop\\ALEE Final Demo\\Project\\Update5x\\SmartEE\\build\\web\\uploads//53en_file_19'),(245,'question',53,1,1,'C:\\Users\\User\\Desktop\\ALEE Final Demo\\Project\\Update5x\\SmartEE\\build\\web\\uploads//53en_file_20'),(246,'question',53,1,1,'C:\\Users\\User\\Desktop\\ALEE Final Demo\\Project\\Update5x\\SmartEE\\build\\web\\uploads//53en_file_21'),(247,'question',53,1,1,'C:\\Users\\User\\Desktop\\ALEE Final Demo\\Project\\Update5x\\SmartEE\\build\\web\\uploads//53en_file_22'),(248,'question',53,1,1,'C:\\Users\\User\\Desktop\\ALEE Final Demo\\Project\\Update5x\\SmartEE\\build\\web\\uploads//53en_file_23'),(249,'question',53,1,1,'C:\\Users\\User\\Desktop\\ALEE Final Demo\\Project\\Update5x\\SmartEE\\build\\web\\uploads//53en_file_24'),(250,'question',53,1,1,'C:\\Users\\User\\Desktop\\ALEE Final Demo\\Project\\Update5x\\SmartEE\\build\\web\\uploads//53en_file_25'),(251,'question',53,1,1,'C:\\Users\\User\\Desktop\\ALEE Final Demo\\Project\\Update5x\\SmartEE\\build\\web\\uploads//53en_file_26'),(252,'question',53,1,1,'C:\\Users\\User\\Desktop\\ALEE Final Demo\\Project\\Update5x\\SmartEE\\build\\web\\uploads//53en_file_27'),(253,'question',53,1,1,'C:\\Users\\User\\Desktop\\ALEE Final Demo\\Project\\Update5x\\SmartEE\\build\\web\\uploads//53en_file_28'),(254,'question',53,1,1,'C:\\Users\\User\\Desktop\\ALEE Final Demo\\Project\\Update5x\\SmartEE\\build\\web\\uploads//53en_file_29'),(255,'question',53,1,1,'C:\\Users\\User\\Desktop\\ALEE Final Demo\\Project\\Update5x\\SmartEE\\build\\web\\uploads//53en_file_30'),(256,'question',53,1,1,'C:\\Users\\User\\Desktop\\ALEE Final Demo\\Project\\Update5x\\SmartEE\\build\\web\\uploads//53en_file_31'),(257,'question',53,1,1,'C:\\Users\\User\\Desktop\\ALEE Final Demo\\Project\\Update5x\\SmartEE\\build\\web\\uploads//53en_file_32'),(258,'question',53,1,1,'C:\\Users\\User\\Desktop\\ALEE Final Demo\\Project\\Update5x\\SmartEE\\build\\web\\uploads//53en_file_33'),(259,'question',53,1,1,'C:\\Users\\User\\Desktop\\ALEE Final Demo\\Project\\Update5x\\SmartEE\\build\\web\\uploads//53en_file_34'),(260,'question',53,1,1,'C:\\Users\\User\\Desktop\\ALEE Final Demo\\Project\\Update5x\\SmartEE\\build\\web\\uploads//53en_file_35'),(261,'question',53,1,1,'C:\\Users\\User\\Desktop\\ALEE Final Demo\\Project\\Update5x\\SmartEE\\build\\web\\uploads//53en_file_36'),(262,'question',53,1,1,'C:\\Users\\User\\Desktop\\ALEE Final Demo\\Project\\Update5x\\SmartEE\\build\\web\\uploads//53en_file_37'),(263,'question',53,1,1,'C:\\Users\\User\\Desktop\\ALEE Final Demo\\Project\\Update5x\\SmartEE\\build\\web\\uploads//53en_file_38'),(264,'question',53,1,1,'C:\\Users\\User\\Desktop\\ALEE Final Demo\\Project\\Update5x\\SmartEE\\build\\web\\uploads//53en_file_39'),(265,'question',53,1,1,'C:\\Users\\User\\Desktop\\ALEE Final Demo\\Project\\Update5x\\SmartEE\\build\\web\\uploads//53en_file_40'),(266,'question',53,1,1,'C:\\Users\\User\\Desktop\\ALEE Final Demo\\Project\\Update5x\\SmartEE\\build\\web\\uploads//53en_file_41'),(267,'question',53,1,1,'C:\\Users\\User\\Desktop\\ALEE Final Demo\\Project\\Update5x\\SmartEE\\build\\web\\uploads//53en_file_42'),(268,'question',53,1,1,'C:\\Users\\User\\Desktop\\ALEE Final Demo\\Project\\Update5x\\SmartEE\\build\\web\\uploads//53en_file_43'),(269,'question',53,1,1,'C:\\Users\\User\\Desktop\\ALEE Final Demo\\Project\\Update5x\\SmartEE\\build\\web\\uploads//53en_file_44'),(270,'question',53,1,1,'C:\\Users\\User\\Desktop\\ALEE Final Demo\\Project\\Update5x\\SmartEE\\build\\web\\uploads//53en_file_45'),(271,'question',53,1,1,'C:\\Users\\User\\Desktop\\ALEE Final Demo\\Project\\Update5x\\SmartEE\\build\\web\\uploads//53en_file_46'),(272,'question',53,1,1,'C:\\Users\\User\\Desktop\\ALEE Final Demo\\Project\\Update5x\\SmartEE\\build\\web\\uploads//53en_file_47'),(273,'question',53,1,1,'C:\\Users\\User\\Desktop\\ALEE Final Demo\\Project\\Update5x\\SmartEE\\build\\web\\uploads//53en_file_48'),(274,'question',53,1,1,'C:\\Users\\User\\Desktop\\ALEE Final Demo\\Project\\Update5x\\SmartEE\\build\\web\\uploads//53en_file_49'),(275,'question',53,1,1,'C:\\Users\\User\\Desktop\\ALEE Final Demo\\Project\\Update5x\\SmartEE\\build\\web\\uploads//53en_file_50'),(276,'Who is the president of Sri Lanka',54,2,1,'C:\\Users\\User\\Desktop\\7x\\SMARTEE-20190915T021711Z-001\\SMARTEE\\SmartEE\\SmartEE\\build\\web\\uploads//54en_file_1'),(277,'Who is the president of Sri Lanka',55,1,1,'C:\\Users\\User\\Desktop\\7x\\SMARTEE-20190915T021711Z-001\\SMARTEE\\SmartEE\\SmartEE\\build\\web\\uploads//55en_file_1'),(278,'Who won the cricket world cup 2019',55,1,1,'C:\\Users\\User\\Desktop\\7x\\SMARTEE-20190915T021711Z-001\\SMARTEE\\SmartEE\\SmartEE\\build\\web\\uploads//55en_file_2'),(279,'Who is the president of Sri Lanka',56,1,1,'C:\\Users\\User\\Desktop\\7x\\SMARTEE-20190915T021711Z-001\\SMARTEE\\SmartEE\\SmartEE\\build\\web\\uploads//56en_file_1'),(280,'Who is the president of Sri Lanka',57,1,1,'C:\\Users\\User\\Desktop\\7x\\SMARTEE-20190915T021711Z-001\\SMARTEE\\SmartEE\\SmartEE\\build\\web\\uploads//57en_file_1'),(281,'Who won the cricket world cup 2019',57,1,1,'C:\\Users\\User\\Desktop\\7x\\SMARTEE-20190915T021711Z-001\\SMARTEE\\SmartEE\\SmartEE\\build\\web\\uploads//57en_file_2');
/*!40000 ALTER TABLE `question` ENABLE KEYS */;
UNLOCK TABLES;

--
-- Table structure for table `question_set`
--

DROP TABLE IF EXISTS `question_set`;
/*!40101 SET @saved_cs_client     = @@character_set_client */;
/*!40101 SET character_set_client = utf8 */;
CREATE TABLE `question_set` (
  `idquestionset` int(11) NOT NULL AUTO_INCREMENT,
  `name` varchar(245) DEFAULT NULL,
  `initiateddate` timestamp NULL DEFAULT NULL,
  `author` int(11) NOT NULL,
  `idqestionsetstatus` int(11) NOT NULL,
  `enum_subject_idenumsubject` int(11) NOT NULL,
  PRIMARY KEY (`idquestionset`),
  KEY `fk_QUESTION_SET_USER1_idx` (`author`),
  KEY `fk_QUESTION_SET_ENUM_QUESTION_SET_STATUS1_idx` (`idqestionsetstatus`),
  KEY `fk_question_set_enum_subject1_idx` (`enum_subject_idenumsubject`),
  CONSTRAINT `fk_QUESTION_SET_ENUM_QUESTION_SET_STATUS1` FOREIGN KEY (`idqestionsetstatus`) REFERENCES `enum_question_set_status` (`idqestionsetstatus`) ON DELETE NO ACTION ON UPDATE NO ACTION,
  CONSTRAINT `fk_question_set_enum_subject1` FOREIGN KEY (`enum_subject_idenumsubject`) REFERENCES `enum_subject` (`idenumsubject`) ON DELETE NO ACTION ON UPDATE NO ACTION,
  CONSTRAINT `fk_QUESTION_SET_USER1` FOREIGN KEY (`author`) REFERENCES `user` (`iduser`) ON DELETE NO ACTION ON UPDATE NO ACTION
) ENGINE=InnoDB AUTO_INCREMENT=58 DEFAULT CHARSET=utf8;
/*!40101 SET character_set_client = @saved_cs_client */;

--
-- Dumping data for table `question_set`
--

LOCK TABLES `question_set` WRITE;
/*!40000 ALTER TABLE `question_set` DISABLE KEYS */;
INSERT INTO `question_set` VALUES (44,'TestICTPaper_en','2019-09-05 12:05:53',1,1,1),(45,'Paper2_en','2019-09-05 12:18:56',1,2,3),(46,'SamplePaper_en','2019-09-05 12:37:14',1,1,2),(47,'FinalPaper_en','2019-09-09 17:47:21',1,1,1),(48,'Physics AL Grade 12 Model Paper 1_en','2019-09-10 04:54:38',1,1,3),(49,'English Lit Paper 1_en','2019-09-12 05:53:39',1,1,2),(50,'ICT Sample Paper_en','2019-09-12 06:05:39',1,1,1),(51,'ICT Paper 2_en','2019-09-12 06:21:42',1,1,1),(52,'ICT Model Paper_en','2019-09-12 06:39:42',1,1,1),(53,'History Paper 1_en','2019-09-13 06:35:32',1,1,4),(54,'Model Paper 2_en','2019-09-22 17:12:58',1,2,4),(55,'Model Paper 3_en','2019-09-22 17:30:48',1,1,4),(56,'Model Paper 4_en','2019-09-22 17:45:33',1,1,4),(57,'Model Paper For Term 1_en','2019-09-26 17:15:34',1,1,4);
/*!40000 ALTER TABLE `question_set` ENABLE KEYS */;
UNLOCK TABLES;

--
-- Table structure for table `user`
--

DROP TABLE IF EXISTS `user`;
/*!40101 SET @saved_cs_client     = @@character_set_client */;
/*!40101 SET character_set_client = utf8 */;
CREATE TABLE `user` (
  `iduser` int(11) NOT NULL AUTO_INCREMENT,
  `username` varchar(45) DEFAULT NULL,
  `password` varchar(45) DEFAULT NULL,
  `firstname` varchar(45) DEFAULT NULL,
  `lastname` varchar(45) DEFAULT NULL,
  `email` varchar(100) DEFAULT NULL,
  `status` int(11) NOT NULL,
  `idusertype` int(11) NOT NULL,
  `idaccount` int(11) NOT NULL,
  `idsecquestion` int(11) NOT NULL,
  `secquestionaswer` varchar(100) DEFAULT NULL,
  PRIMARY KEY (`iduser`),
  KEY `fk_USER_ENUM_USER_STATUS_idx` (`status`),
  KEY `fk_USER_ENUM_USER_TYPE1_idx` (`idusertype`),
  KEY `fk_USER_ACCOUNT1_idx` (`idaccount`),
  KEY `fk_USER_ENUM_SECURITY_QUESTIONS1_idx` (`idsecquestion`),
  CONSTRAINT `fk_USER_ACCOUNT1` FOREIGN KEY (`idaccount`) REFERENCES `account` (`idaccount`) ON DELETE NO ACTION ON UPDATE NO ACTION,
  CONSTRAINT `fk_USER_ENUM_SECURITY_QUESTIONS1` FOREIGN KEY (`idsecquestion`) REFERENCES `enum_security_questions` (`idsecquestion`) ON DELETE NO ACTION ON UPDATE NO ACTION,
  CONSTRAINT `fk_USER_ENUM_USER_STATUS` FOREIGN KEY (`status`) REFERENCES `enum_user_status` (`idenumuserstatus`) ON DELETE NO ACTION ON UPDATE NO ACTION,
  CONSTRAINT `fk_USER_ENUM_USER_TYPE1` FOREIGN KEY (`idusertype`) REFERENCES `enum_user_type` (`idusertype`) ON DELETE NO ACTION ON UPDATE NO ACTION
) ENGINE=InnoDB AUTO_INCREMENT=4 DEFAULT CHARSET=utf8;
/*!40101 SET character_set_client = @saved_cs_client */;

--
-- Dumping data for table `user`
--

LOCK TABLES `user` WRITE;
/*!40000 ALTER TABLE `user` DISABLE KEYS */;
INSERT INTO `user` VALUES (1,'Deepamala','1qaz2wsx','Deepamala','Deepthi','deepamaladeepthi@gmail.com',1,1,1,1,'Sambi'),(2,'Dimantha','12345','Dimantha','Chanaka','dimanthachanaka@gmail.com',1,2,1,1,'Jimmy'),(3,'Sewwandi','12345','Sanaya','Samadhi','sanaya123@gmail.com',1,2,1,1,'Simba');
/*!40000 ALTER TABLE `user` ENABLE KEYS */;
UNLOCK TABLES;
/*!40103 SET TIME_ZONE=@OLD_TIME_ZONE */;

/*!40101 SET SQL_MODE=@OLD_SQL_MODE */;
/*!40014 SET FOREIGN_KEY_CHECKS=@OLD_FOREIGN_KEY_CHECKS */;
/*!40014 SET UNIQUE_CHECKS=@OLD_UNIQUE_CHECKS */;
/*!40101 SET CHARACTER_SET_CLIENT=@OLD_CHARACTER_SET_CLIENT */;
/*!40101 SET CHARACTER_SET_RESULTS=@OLD_CHARACTER_SET_RESULTS */;
/*!40101 SET COLLATION_CONNECTION=@OLD_COLLATION_CONNECTION */;
/*!40111 SET SQL_NOTES=@OLD_SQL_NOTES */;

-- Dump completed on 2019-09-29 23:33:51
